quality,sigma,filter_size,method,type,mean_PSNR,mean_SSIM,mean_jpg_PSNR,mean_jpg_SSIM,mean_delta_PSNR,mean_delta_SSIM
40,1,3,wave,wave,35.2920638203557,0.921028013315081,35.9751890351529,0.933027707895943,-1.96047002690329,-1.285182765191
40,1,3,wave,wave,35.2920638203557,0.921028013315081,35.9751890351529,0.933027707895943,-1.96047002690329,-1.285182765191
40,1,3,wave,wave,35.2920638203557,0.921028013315081,35.9751890351529,0.933027707895943,-1.96047002690329,-1.285182765191
40,1,3,wave,wave,35.2920638203557,0.921028013315081,35.9751890351529,0.933027707895943,-1.96047002690329,-1.285182765191
10,1,3,wave,wave,30.2544143567269,0.847534392477152,29.7625575054879,0.825912850025502,1.69405799907807,2.66213118178152
20,1,3,wave,wave,33.4772172973415,0.904383139362078,33.0528566540171,0.892802689371677,1.2799983039149,1.30872944042761
30,1,3,wave,wave,34.6735310414411,0.91630114430949,34.8205539424398,0.919475689187576,-0.460081995464243,-0.342585474098708
40,1,3,wave,wave,35.2920638203557,0.921028013315081,35.9751890351529,0.933027707895943,-1.96047002690329,-1.285182765191
