name,type,method,sigma,filter_size,jpg_PSNR,PSNR,delta_PSNR,jpg_SSIM,SSIM,delta_SSIM,jpg_NIQE,NIQE,delta_NIQE
kodim01,gauss,blurr,1.7,5,26.1589663960723,22.5925418765901,-13.6336599293833,0.814127189487225,0.588241812892502,-27.7457109296394,5.26153663626786,5.78249120042835,9.90118667177074
kodim02,gauss,blurr,1.7,5,30.1968195832686,28.8654657180908,-4.40892081865289,0.983046643443474,0.976580296313218,-0.65778640040972,5.84949480761276,5.21024635708837,-10.928267680355
kodim03,gauss,blurr,1.7,5,31.2347025857045,29.8389944319361,-4.4684534771501,0.959660928342066,0.951001326923539,-0.902360527846729,7.78056467874901,6.00955545637468,-22.7619626016537
kodim04,gauss,blurr,1.7,5,31.1946114909302,30.377533803781,-2.61929111502733,0.95997698115759,0.956553154922819,-0.356657118032332,4.89240041702865,5.07380479023159,3.70788074850811
