name,type,method,sigma,filter_size,jpg_PSNR,PSNR,delta_PSNR,jpg_SSIM,SSIM,delta_SSIM,jpg_NIQE,NIQE,delta_NIQE
kodim01,gauss,blurr,3.2,5,26.1589663960723,21.8957877179908,-16.2971984960446,0.814127189487225,0.527412929953055,-35.2173792051775,5.26153663626786,5.59591789468317,6.35520156051787
kodim02,gauss,blurr,3.2,5,30.1968195832686,28.4377911366528,-5.82521096887454,0.983046643443474,0.97408067605996,-0.912059203224263,5.84949480761276,5.31405935352868,-9.15353328269029
kodim03,gauss,blurr,3.2,5,31.2347025857045,29.4102403981648,-5.84113833814674,0.959660928342066,0.947245160568625,-1.29376610079257,7.78056467874901,5.97843243882535,-23.1619723546005
kodim04,gauss,blurr,3.2,5,31.1946114909302,29.9832014735444,-3.88339511052428,0.95997698115759,0.953318321380206,-0.693627025239094,4.89240041702865,5.17552139459528,5.78695432575774
