name,type,method,sigma,filter_size,jpg_PSNR,PSNR,delta_PSNR,jpg_SSIM,SSIM,delta_SSIM,jpg_NIQE,NIQE,delta_NIQE
kodim01,gauss,blurr,0.4,7,26.1589663960723,26.3501996486051,0.731042846408389,0.814127189487225,0.815210187503854,0.133025653806152,5.26153663626786,4.95812783871169,-5.76654347448166
kodim02,gauss,blurr,0.4,7,30.1968195832686,30.3277104807845,0.433459216309285,0.983046643443474,0.98350307582499,0.0464303890930124,5.84949480761276,5.45059221349373,-6.81943667340088
kodim03,gauss,blurr,0.4,7,31.2347025857045,31.3540772151288,0.382185900751745,0.959660928342066,0.96045893163269,0.0831547129883619,7.78056467874901,7.30618692273439,-6.0969579407299
kodim04,gauss,blurr,0.4,7,31.1946114909302,31.3328813683365,0.443249236960444,0.95997698115759,0.961002518882797,0.106829407927075,4.89240041702865,4.40607244800686,-9.9404776299394
