name,type,method,sigma,filter_size,jpg_PSNR,PSNR,delta_PSNR,jpg_SSIM,SSIM,delta_SSIM,jpg_NIQE,NIQE,delta_NIQE
kodim01,gauss,blurr,4.1,5,26.1589663960723,21.7884248282697,-16.7076233121306,0.814127189487225,0.517546439064444,-36.4292894590072,5.26153663626786,5.49781884989964,4.49074538421125
kodim02,gauss,blurr,4.1,5,30.1968195832686,28.3690562087232,-6.05283403937721,0.983046643443474,0.973656925752461,-0.95516502229453,5.84949480761276,5.32407315596689,-8.98234238898815
kodim03,gauss,blurr,4.1,5,31.2347025857045,29.3421783534129,-6.05904354971463,0.959660928342066,0.94661724343848,-1.35919724543961,7.78056467874901,5.98691938256166,-23.0528935912109
kodim04,gauss,blurr,4.1,5,31.1946114909302,29.9189484536097,-4.08936985059542,0.95997698115759,0.952756860291927,-0.752113957665547,4.89240041702865,5.18592103611639,5.99952158588848
