name,type,method,sigma,filter_size,jpg_PSNR,PSNR,delta_PSNR,jpg_SSIM,SSIM,delta_SSIM,jpg_NIQE,NIQE,delta_NIQE
kodim01,gauss,blurr,1.7,7,26.1589663960723,22.1780162879236,-15.2183004782116,0.814127189487225,0.551011259088731,-32.3187744858659,5.26153663626786,6.03127973879912,14.6296254448825
kodim02,gauss,blurr,1.7,7,30.1968195832686,28.5380704405352,-5.49312532122566,0.983046643443474,0.974738082866485,-0.845184776572247,5.84949480761276,5.68390179041277,-2.83089433611391
kodim03,gauss,blurr,1.7,7,31.2347025857045,29.4471420298576,-5.72299528366585,0.959660928342066,0.948331123728914,-1.18060496979131,7.78056467874901,6.30180939327671,-19.0057578919845
kodim04,gauss,blurr,1.7,7,31.1946114909302,29.9027409356248,-4.14132599689858,0.95997698115759,0.952962507472412,-0.730691862706873,4.89240041702865,5.41353995477266,10.652021366242
