name,type,method,sigma,filter_size,jpg_PSNR,PSNR,delta_PSNR,jpg_SSIM,SSIM,delta_SSIM,jpg_NIQE,NIQE,delta_NIQE
kodim01,gauss,blurr,5,3,26.1589663960723,24.2552872234689,-7.27734859160635,0.814127189487225,0.710456170502078,-12.7340076985322,5.26153663626786,5.05814496206553,-3.86563257585904
kodim02,gauss,blurr,5,3,30.1968195832686,29.7719049499929,-1.40715028648623,0.983046643443474,0.981162667355276,-0.191646663031046,5.84949480761276,5.04117410480127,-13.8186412570109
kodim03,gauss,blurr,5,3,31.2347025857045,30.8217595099936,-1.32206501591566,0.959660928342066,0.957941227311974,-0.179198816926111,7.78056467874901,6.34082498323774,-18.5043085554396
kodim04,gauss,blurr,5,3,31.1946114909302,31.2367713361948,0.13515105093352,0.95997698115759,0.962078803190183,0.218945044917556,4.89240041702865,5.10106296313974,4.26503410033251
