name,type,method,sigma,filter_size,jpg_PSNR,PSNR,delta_PSNR,jpg_SSIM,SSIM,delta_SSIM,jpg_NIQE,NIQE,delta_NIQE
kodim01,gauss,blurr,3.2,3,26.1589663960723,24.2943013954098,-7.12820595596013,0.814127189487225,0.712712679655945,-12.4568385801186,5.26153663626786,5.13579290636086,-2.38986704074709
kodim02,gauss,blurr,3.2,3,30.1968195832686,29.7911278060682,-1.34349174118036,0.983046643443474,0.981247726335125,-0.182994074629843,5.84949480761276,5.05761264244911,-13.5376163448006
kodim03,gauss,blurr,3.2,3,31.2347025857045,30.8389000040957,-1.26718857182266,0.959660928342066,0.958067106534508,-0.16608176497413,7.78056467874901,6.32987534942522,-18.6450391356047
kodim04,gauss,blurr,3.2,3,31.1946114909302,31.2485371233924,0.172868421451112,0.95997698115759,0.962153772720352,0.226754558233025,4.89240041702865,5.09929148148464,4.22882525591872
