name,type,method,sigma,filter_size,jpg_PSNR,PSNR,delta_PSNR,jpg_SSIM,SSIM,delta_SSIM,jpg_NIQE,NIQE,delta_NIQE
kodim01,gauss,blurr,2.9,3,26.1589663960723,24.3093763976296,-7.0705775237371,0.814127189487225,0.713548602937699,-12.3541613458304,5.26153663626786,5.17123317709276,-1.71629441012788
kodim02,gauss,blurr,2.9,3,30.1968195832686,29.7974760702044,-1.32246878504212,0.983046643443474,0.981276004050709,-0.180117536087893,5.84949480761276,5.06340553581954,-13.4385839742976
kodim03,gauss,blurr,2.9,3,31.2347025857045,30.8452980820605,-1.24670469512413,0.959660928342066,0.958118118640836,-0.160766126416691,7.78056467874901,6.33935182835654,-18.5232423339253
kodim04,gauss,blurr,2.9,3,31.1946114909302,31.252305980275,0.184950177570104,0.95997698115759,0.962176646013971,0.229137250117045,4.89240041702865,5.10307114842015,4.3060811346967
