name,type,method,sigma,filter_size,jpg_PSNR,PSNR,delta_PSNR,jpg_SSIM,SSIM,delta_SSIM,jpg_NIQE,NIQE,delta_NIQE
kodim01,gauss,blurr,1.4,5,26.1589663960723,23.0325768591247,-11.9515025540801,0.814127189487225,0.623361083447014,-23.4319782588719,5.26153663626786,5.61431312266721,6.70481858793219
kodim02,gauss,blurr,1.4,5,30.1968195832686,29.1208971629635,-3.56303225026129,0.983046643443474,0.977960389362414,-0.517397024340949,5.84949480761276,5.1619361584012,-11.7541543641811
kodim03,gauss,blurr,1.4,5,31.2347025857045,30.0969152677816,-3.64270258313165,0.959660928342066,0.953094088251482,-0.684287532881951,7.78056467874901,6.14726766391108,-20.9920112777796
kodim04,gauss,blurr,1.4,5,31.1946114909302,30.6075389985143,-1.88196763593807,0.95997698115759,0.958260221587676,-0.178833409926533,4.89240041702865,5.01942488718043,2.59636291644594
