name,type,method,sigma,filter_size,jpg_PSNR,PSNR,delta_PSNR,jpg_SSIM,SSIM,delta_SSIM,jpg_NIQE,NIQE,delta_NIQE
kodim01,gauss,blurr,2.6,5,26.1589663960723,22.0379509578208,-15.7537395623945,0.814127189487225,0.540299388268604,-33.6345235430708,5.26153663626786,5.69508616676631,8.23997931535803
kodim02,gauss,blurr,2.6,5,30.1968195832686,28.5276732160109,-5.52755684304749,0.983046643443474,0.974626350497124,-0.856550704130879,5.84949480761276,5.30678532723116,-9.2778863514041
kodim03,gauss,blurr,2.6,5,31.2347025857045,29.4991536672562,-5.55647653018677,0.959660928342066,0.948056673932388,-1.20920359128561,7.78056467874901,5.99335209359252,-22.9702169308853
kodim04,gauss,blurr,2.6,5,31.1946114909302,30.0658849451091,-3.61833820610086,0.95997698115759,0.954029094284292,-0.619586405720422,4.89240041702865,5.14414902680765,5.14570738941873
