name,type,method,sigma,filter_size,jpg_PSNR,PSNR,delta_PSNR,jpg_SSIM,SSIM,delta_SSIM,jpg_NIQE,NIQE,delta_NIQE
kodim01,gauss,blurr,2,7,26.1589663960723,21.7942643987912,-16.6852999128298,0.814127189487225,0.516216949268955,-36.5925919273016,5.26153663626786,6.10900551930781,16.1068703237441
kodim02,gauss,blurr,2,7,30.1968195832686,28.2687165198932,-6.38511965824276,0.983046643443474,0.973113499563867,-1.01044481926232,5.84949480761276,5.95271562987562,1.76461088791007
kodim03,gauss,blurr,2,7,31.2347025857045,29.1595309469635,-6.64380149946025,0.959660928342066,0.945918507687633,-1.43200793619623,7.78056467874901,6.40889669534053,-17.629414316867
kodim04,gauss,blurr,2,7,31.1946114909302,29.5954412125691,-5.12643114284659,0.95997698115759,0.950273806822216,-1.01077156284242,4.89240041702865,5.75323817115322,17.5954067685938
