name,type,method,sigma,filter_size,jpg_PSNR,PSNR,delta_PSNR,jpg_SSIM,SSIM,delta_SSIM,jpg_NIQE,NIQE,delta_NIQE
kodim01,gauss,blurr,2.3,3,26.1589663960723,24.3577637114879,-6.88560341915809,0.814127189487225,0.716254437805766,-12.021801131971,5.26153663626786,5.26415414865863,0.0497480597727037
kodim02,gauss,blurr,2.3,3,30.1968195832686,29.8193696224343,-1.24996594357696,0.983046643443474,0.981370914125037,-0.170462849307638,5.84949480761276,5.09569946942799,-12.8865032447544
kodim03,gauss,blurr,2.3,3,31.2347025857045,30.8644931023237,-1.1852505474161,0.959660928342066,0.958256358659042,-0.146361036647653,7.78056467874901,6.35677660443853,-18.2992897443453
kodim04,gauss,blurr,2.3,3,31.1946114909302,31.2649715145385,0.225551850930311,0.95997698115759,0.962250540871561,0.236834815687919,4.89240041702865,5.13248144635679,4.9072236297852
