name,type,method,sigma,filter_size,jpg_PSNR,PSNR,delta_PSNR,jpg_SSIM,SSIM,delta_SSIM,jpg_NIQE,NIQE,delta_NIQE
kodim01,gauss,blurr,2.6,7,26.1589663960723,21.3662315466824,-18.3215757718527,0.814127189487225,0.475911059570267,-41.5434018522317,5.26153663626786,6.10099644902505,15.9546510988973
kodim02,gauss,blurr,2.6,7,30.1968195832686,27.9548498518368,-7.42452272249877,0.983046643443474,0.971115090402036,-1.21373213784068,5.84949480761276,6.09762160075345,4.24184995972257
kodim03,gauss,blurr,2.6,7,31.2347025857045,28.8258516093728,-7.71209832948498,0.959660928342066,0.942964104954613,-1.73986695658209,7.78056467874901,6.38743170839005,-17.905293868503
kodim04,gauss,blurr,2.6,7,31.1946114909302,29.2318649405324,-6.29194100067082,0.95997698115759,0.946835836438912,-1.36890206500907,4.89240041702865,5.99589882582603,22.555357590039
