name,type,method,sigma,filter_size,jpg_PSNR,PSNR,delta_PSNR,jpg_SSIM,SSIM,delta_SSIM,jpg_NIQE,NIQE,delta_NIQE
kodim01,gauss,blurr,0.4,3,26.1589663960723,26.35018316246,0.73097982348569,0.814127189487225,0.815210192166316,0.133026226500639,5.26153663626786,4.95607010255933,-5.80565250848855
kodim02,gauss,blurr,0.4,3,30.1968195832686,30.3277151863308,0.433474799229475,0.983046643443474,0.983503089488046,0.0464317789615287,5.84949480761276,5.45059221349373,-6.81943667340088
kodim03,gauss,blurr,0.4,3,31.2347025857045,31.3540628624919,0.38213994981987,0.959660928342066,0.960458833606582,0.0831444983276298,7.78056467874901,7.30650496080301,-6.0928703444982
kodim04,gauss,blurr,0.4,3,31.1946114909302,31.3328876624487,0.443269413881803,0.95997698115759,0.961002531793795,0.106830752854977,4.89240041702865,4.40607244800686,-9.9404776299394
