name,type,method,sigma,filter_size,jpg_PSNR,PSNR,delta_PSNR,jpg_SSIM,SSIM,delta_SSIM,jpg_NIQE,NIQE,delta_NIQE
kodim01,gauss,blurr,0.7,7,26.1589663960723,25.4977741855791,-2.52759302673523,0.814127189487225,0.772559023213377,-5.10585653084865,5.26153663626786,4.94647421475883,-5.9880305562694
kodim02,gauss,blurr,0.7,7,30.1968195832686,30.2497322909459,0.175226094693183,0.983046643443474,0.983168883464832,0.0124348139708022,5.84949480761276,4.82093864330803,-17.5836751400501
kodim03,gauss,blurr,0.7,7,31.2347025857045,31.2542526151987,0.0625907336256544,0.959660928342066,0.960761669478552,0.114701047419779,7.78056467874901,6.01222884398141,-22.7276027869473
kodim04,gauss,blurr,0.7,7,31.1946114909302,31.4807940414137,0.917410209025245,0.95997698115759,0.96323967160479,0.339871737681295,4.89240041702865,4.48309489662909,-8.36614924189206
