name,type,method,sigma,filter_size,jpg_PSNR,PSNR,delta_PSNR,jpg_SSIM,SSIM,delta_SSIM,jpg_NIQE,NIQE,delta_NIQE
kodim01,gauss,blurr,4.4,3,26.1589663960723,24.2632086587354,-7.24706667929191,0.814127189487225,0.710935329128917,-12.6751521986758,5.26153663626786,5.07984326560354,-3.45323777490979
kodim02,gauss,blurr,4.4,3,30.1968195832686,29.7762067984263,-1.39290425497424,0.983046643443474,0.981181452432663,-0.189735759055927,5.84949480761276,5.04110845982281,-13.8197634903083
kodim03,gauss,blurr,4.4,3,31.2347025857045,30.8256088325979,-1.30974115083738,0.959660928342066,0.957972288856304,-0.175962096183149,7.78056467874901,6.34550207981717,-18.4441959958435
kodim04,gauss,blurr,4.4,3,31.1946114909302,31.2395217266725,0.14396792777944,0.95997698115759,0.962095078059694,0.220640384475697,4.89240041702865,5.11242855071095,4.49734516652512
