name,type,method,sigma,filter_size,jpg_PSNR,PSNR,delta_PSNR,jpg_SSIM,SSIM,delta_SSIM,jpg_NIQE,NIQE,delta_NIQE
kodim01,gauss,blurr,4.1,3,26.1589663960723,24.268164666375,-7.22812094739786,0.814127189487225,0.711212484681356,-12.6411089243548,5.26153663626786,5.09233934966609,-3.21573901881608
kodim02,gauss,blurr,4.1,3,30.1968195832686,29.7784069212512,-1.38561831276153,0.983046643443474,0.981191305017811,-0.188733509039194,5.84949480761276,5.04452869033702,-13.7612929620541
kodim03,gauss,blurr,4.1,3,31.2347025857045,30.8274339261578,-1.30389799111828,0.959660928342066,0.957985023450377,-0.174635107275257,7.78056467874901,6.35070576134641,-18.377315483386
kodim04,gauss,blurr,4.1,3,31.1946114909302,31.2406099760607,0.147456509095909,0.95997698115759,0.962101421313044,0.221301155876977,4.89240041702865,5.1107329356175,4.46268702432679
