name,type,method,sigma,filter_size,jpg_PSNR,PSNR,delta_PSNR,jpg_SSIM,SSIM,delta_SSIM,jpg_NIQE,NIQE,delta_NIQE
kodim01,gauss,blurr,1.4,7,26.1589663960723,22.7753285560171,-12.9349064822501,0.814127189487225,0.60181990665844,-26.07790104179,5.26153663626786,5.69017461760387,8.14663112637862
kodim02,gauss,blurr,1.4,7,30.1968195832686,28.9309620510394,-4.19202270205501,0.983046643443474,0.976962617877229,-0.618894902578891,5.84949480761276,5.23922052161366,-10.4329400413325
kodim03,gauss,blurr,1.4,7,31.2347025857045,29.869278156102,-4.37149809848839,0.959660928342066,0.951669063435642,-0.83278006537481,7.78056467874901,6.1017757421942,-21.5766979116576
kodim04,gauss,blurr,1.4,7,31.1946114909302,30.3364000321294,-2.75115290039856,0.95997698115759,0.956400312242712,-0.372578612308475,4.89240041702865,5.06652582632643,3.55909971497234
