name,type,method,sigma,filter_size,jpg_PSNR,PSNR,delta_PSNR,jpg_SSIM,SSIM,delta_SSIM,jpg_NIQE,NIQE,delta_NIQE
kodim01,gauss,blurr,3.8,5,26.1589663960723,21.8156995102964,-16.6033581756044,0.814127189487225,0.520072213344768,-36.1190462546358,5.26153663626786,5.52861381514101,5.07603001435326
kodim02,gauss,blurr,3.8,5,30.1968195832686,28.3870129480356,-5.99336837524368,0.983046643443474,0.973767896491557,-0.943876571249386,5.84949480761276,5.32885182781522,-8.90064863584375
kodim03,gauss,blurr,3.8,5,31.2347025857045,29.3601744669754,-6.00142778240195,0.959660928342066,0.946788211616228,-1.34138176783716,7.78056467874901,5.97927699697244,-23.1511176392687
kodim04,gauss,blurr,3.8,5,31.1946114909302,29.9351208796973,-4.03752619775064,0.95997698115759,0.952901981961519,-0.736996754603365,4.89240041702865,5.19873734389897,6.26148517615346
