name,type,method,sigma,filter_size,jpg_PSNR,PSNR,delta_PSNR,jpg_SSIM,SSIM,delta_SSIM,jpg_NIQE,NIQE,delta_NIQE
kodim01,gauss,blurr,3.5,5,26.1589663960723,21.850481388289,-16.4703946728959,0.814127189487225,0.523289801997613,-35.7238268473499,5.26153663626786,5.57405078028003,5.93959836482009
kodim02,gauss,blurr,3.5,5,30.1968195832686,28.4093654980552,-5.91934551347179,0.983046643443474,0.973904922425232,-0.929937666662446,5.84949480761276,5.3289899606163,-8.8982871874516
kodim03,gauss,blurr,3.5,5,31.2347025857045,29.3817903221969,-5.93222316884075,0.959660928342066,0.946984494185412,-1.32092844277341,7.78056467874901,5.98482750832939,-23.0797794834133
kodim04,gauss,blurr,3.5,5,31.1946114909302,29.9561518805833,-3.97010749983858,0.95997698115759,0.953082537405887,-0.718188444830069,4.89240041702865,5.19143503608057,6.11222699620175
