name,type,method,sigma,filter_size,jpg_PSNR,PSNR,delta_PSNR,jpg_SSIM,SSIM,delta_SSIM,jpg_NIQE,NIQE,delta_NIQE
kodim01,gauss,blurr,2.6,3,26.1589663960723,24.3288671567754,-6.99606861978936,0.814127189487225,0.714641592279174,-12.2199084482993,5.26153663626786,5.19605068769899,-1.24461641333973
kodim02,gauss,blurr,2.6,3,30.1968195832686,29.8059507101771,-1.29440410773594,0.983046643443474,0.981313583454567,-0.176294787278472,5.84949480761276,5.0708586858947,-13.3111686962216
kodim03,gauss,blurr,2.6,3,31.2347025857045,30.8530334756385,-1.22193931259247,0.959660928342066,0.958166837845233,-0.155689416199674,7.78056467874901,6.36750262149885,-18.1614332068936
kodim04,gauss,blurr,2.6,3,31.1946114909302,31.2575634225249,0.201803864789492,0.95997698115759,0.962207328456977,0.232333414567673,4.89240041702865,5.11530615522591,4.5561630119523
