name,type,method,sigma,filter_size,jpg_PSNR,PSNR,delta_PSNR,jpg_SSIM,SSIM,delta_SSIM,jpg_NIQE,NIQE,delta_NIQE
kodim01,gauss,blurr,1.4,3,26.1589663960723,24.584541005781,-6.01868348486322,0.814127189487225,0.728521179906748,-10.5150657889703,5.26153663626786,5.63308087171518,7.06151569650328
kodim02,gauss,blurr,1.4,3,30.1968195832686,29.9159895703191,-0.929998644973418,0.983046643443474,0.981794041827802,-0.127420364438034,5.84949480761276,5.20378364674577,-11.038750902499
kodim03,gauss,blurr,1.4,3,31.2347025857045,30.9533534087883,-0.900758302866075,0.959660928342066,0.958878650895497,-0.0815160254487125,7.78056467874901,6.42739024474239,-17.3917252780191
kodim04,gauss,blurr,1.4,3,31.1946114909302,31.3221545790377,0.408862563153101,0.95997698115759,0.96257213882509,0.270335405789768,4.89240041702865,5.17173779283251,5.70961801964506
