name,type,method,sigma,filter_size,jpg_PSNR,PSNR,delta_PSNR,jpg_SSIM,SSIM,delta_SSIM,jpg_NIQE,NIQE,delta_NIQE
kodim01,gauss,blurr,3.8,7,26.1589663960723,21.0288588838163,-19.6112775810067,0.814127189487225,0.443538114280396,-45.5198008360638,5.26153663626786,5.45020865258792,3.58587289917441
kodim02,gauss,blurr,3.8,7,30.1968195832686,27.6998983313184,-8.2688219700252,0.983046643443474,0.969405973156629,-1.3875913597613,5.84949480761276,5.59607481707281,-4.33233978103771
kodim03,gauss,blurr,3.8,7,31.2347025857045,28.5577667848699,-8.57038991643793,0.959660928342066,0.940456326951163,-2.0011861297803,7.78056467874901,5.82455344347638,-25.1397079265348
kodim04,gauss,blurr,3.8,7,31.1946114909302,28.935774537742,-7.24111263204847,0.95997698115759,0.943829097699109,-1.6821115271961,4.89240041702865,5.45321862565676,11.4630480096459
