name,type,method,sigma,filter_size,jpg_PSNR,PSNR,delta_PSNR,jpg_SSIM,SSIM,delta_SSIM,jpg_NIQE,NIQE,delta_NIQE
kodim01,gauss,blurr,4.7,3,26.1589663960723,24.2587030557036,-7.26429061300357,0.814127189487225,0.710666883062022,-12.7081256787858,5.26153663626786,5.06936734218441,-3.65234165165396
kodim02,gauss,blurr,4.7,3,30.1968195832686,29.7737852956525,-1.40092332058202,0.983046643443474,0.981171064908498,-0.190792425515583,5.84949480761276,5.0400700658624,-13.8375153474269
kodim03,gauss,blurr,4.7,3,31.2347025857045,30.8234646840944,-1.31660578640622,0.959660928342066,0.957954857281583,-0.177778526779192,7.78056467874901,6.33695206330885,-18.5540854044062
kodim04,gauss,blurr,4.7,3,31.1946114909302,31.2381098377892,0.139441861206405,0.95997698115759,0.962086753970709,0.219773271081517,4.89240041702865,5.1091358415658,4.43004263883975
