name,type,method,sigma,filter_size,jpg_PSNR,PSNR,delta_PSNR,jpg_SSIM,SSIM,delta_SSIM,jpg_NIQE,NIQE,delta_NIQE
kodim01,gauss,blurr,5,5,26.1589663960723,21.7332214273171,-16.9186538250215,0.814127189487225,0.512438676511546,-37.0566806847093,5.26153663626786,5.506238371134,4.65076558014262
kodim02,gauss,blurr,5,5,30.1968195832686,28.3340382902204,-6.16879962444872,0.983046643443474,0.973440708027912,-0.977159677989752,5.84949480761276,5.34325457437536,-8.65442657677985
kodim03,gauss,blurr,5,5,31.2347025857045,29.3075898895049,-6.16978084203578,0.959660928342066,0.946296643898653,-1.39260483038538,7.78056467874901,6.00955943709926,-22.7619114392414
kodim04,gauss,blurr,5,5,31.1946114909302,29.8855695514132,-4.19637199167428,0.95997698115759,0.952452021930703,-0.783868715040741,4.89240041702865,5.17757062527325,5.8288403224729
