name,type,method,sigma,filter_size,jpg_PSNR,PSNR,delta_PSNR,jpg_SSIM,SSIM,delta_SSIM,jpg_NIQE,NIQE,delta_NIQE
kodim01,gauss,blurr,4.7,7,26.1589663960723,20.9254882123124,-20.0064410211011,0.814127189487225,0.433570185022464,-46.744170859157,5.26153663626786,5.19288369329819,-1.30480784827088
kodim02,gauss,blurr,4.7,7,30.1968195832686,27.6206982123369,-8.53110164078019,0.983046643443474,0.968859358819003,-1.44319546982782,5.84949480761276,5.41069467699406,-7.50150474614705
kodim03,gauss,blurr,4.7,7,31.2347025857045,28.4750737369412,-8.83513726820736,0.959660928342066,0.939661219044519,-2.08403913370717,7.78056467874901,5.68240306770049,-26.9667009745347
kodim04,gauss,blurr,4.7,7,31.1946114909302,28.8432730493955,-7.53764297471174,0.95997698115759,0.942853356073114,-1.7837537170763,4.89240041702865,5.30050256900991,8.34155255487276
