name,type,method,sigma,filter_size,jpg_PSNR,PSNR,delta_PSNR,jpg_SSIM,SSIM,delta_SSIM,jpg_NIQE,NIQE,delta_NIQE
kodim01,gauss,blurr,2.9,5,26.1589663960723,21.9562142599202,-16.0662010590109,0.814127189487225,0.532908856913017,-34.5423093842784,5.26153663626786,5.62269378400267,6.86410021827753
kodim02,gauss,blurr,2.9,5,30.1968195832686,28.475808381636,-5.69931279314632,0.983046643443474,0.97431246948139,-0.888480116415327,5.84949480761276,5.31737526160819,-9.09684619793229
kodim03,gauss,blurr,2.9,5,31.2347025857045,29.4481012931548,-5.71992413773596,0.959660928342066,0.947586477479455,-1.25819969387213,7.78056467874901,6.02642148637937,-22.5451913170353
kodim04,gauss,blurr,2.9,5,31.1946114909302,30.0185350199994,-3.77012700181484,0.95997698115759,0.953623486215673,-0.661838259314882,4.89240041702865,5.16793502072008,5.63188987418916
