name,type,method,sigma,filter_size,jpg_PSNR,PSNR,delta_PSNR,jpg_SSIM,SSIM,delta_SSIM,jpg_NIQE,NIQE,delta_NIQE
kodim01,gauss,blurr,5,7,26.1589663960723,20.9031802130905,-20.0917196169145,0.814127189487225,0.431432159709233,-47.0067864972095,5.26153663626786,5.10372264046521,-2.99938984962746
kodim02,gauss,blurr,5,7,30.1968195832686,27.603326451521,-8.58863008601264,0.983046643443474,0.968738622697706,-1.45547730020716,5.84949480761276,5.37926705946263,-8.03877537489475
kodim03,gauss,blurr,5,7,31.2347025857045,28.4566331047306,-8.89417619185332,0.959660928342066,0.939483542557041,-2.10255364047004,7.78056467874901,5.71829989420608,-26.5053356625333
kodim04,gauss,blurr,5,7,31.1946114909302,28.8229010107409,-7.60294924935616,0.95997698115759,0.942634510674054,-1.80655065943589,4.89240041702865,5.30061049498082,8.34375854705882
