name,type,method,sigma,filter_size,jpg_PSNR,PSNR,delta_PSNR,jpg_SSIM,SSIM,delta_SSIM,jpg_NIQE,NIQE,delta_NIQE
kodim01,gauss,blurr,4.1,7,26.1589663960723,20.986657638062,-19.7726037019067,0.814127189487225,0.439483686053051,-46.0178100267283,5.26153663626786,5.35008993921847,1.68303119549169
kodim02,gauss,blurr,4.1,7,30.1968195832686,27.6677982591752,-8.37512479458136,0.983046643443474,0.969184523540836,-1.41011822735904,5.84949480761276,5.53812706473855,-5.32298519983262
kodim03,gauss,blurr,4.1,7,31.2347025857045,28.5238546340332,-8.67896194699802,0.959660928342066,0.940130513948424,-2.03513697565894,7.78056467874901,5.78691846698894,-25.623412876514
kodim04,gauss,blurr,4.1,7,31.1946114909302,28.8980814337938,-7.3619447313974,0.95997698115759,0.943433388959916,-1.72333217591581,4.89240041702865,5.41442748444776,10.6701623522497
