name,type,method,sigma,filter_size,jpg_PSNR,PSNR,delta_PSNR,jpg_SSIM,SSIM,delta_SSIM,jpg_NIQE,NIQE,delta_NIQE
kodim01,gauss,blurr,3.2,7,26.1589663960723,21.1511125374498,-19.1439286354006,0.814127189487225,0.455309428341226,-44.0739193800909,5.26153663626786,5.7895209531086,10.0347931287095
kodim02,gauss,blurr,3.2,7,30.1968195832686,27.7936275715113,-7.9584275593343,0.983046643443474,0.970039689416157,-1.3231268438856,5.84949480761276,5.77976882387633,-1.19200009624209
kodim03,gauss,blurr,3.2,7,31.2347025857045,28.6556974723469,-8.25685823734412,0.959660928342066,0.941384294193085,-1.9044887219234,7.78056467874901,5.95705954023943,-23.4366683370694
kodim04,gauss,blurr,3.2,7,31.1946114909302,29.0443590833233,-6.89302512465036,0.95997698115759,0.944959512252713,-1.56435718768672,4.89240041702865,5.71604583212345,16.8352004105794
