name,type,method,sigma,filter_size,jpg_PSNR,PSNR,delta_PSNR,jpg_SSIM,SSIM,delta_SSIM,jpg_NIQE,NIQE,delta_NIQE
kodim01,gauss,blurr,0.7,3,26.1589663960723,25.6312435151004,-2.01736900832267,0.814127189487225,0.778946701855154,-4.32125202134931,5.26153663626786,5.08066807384463,-3.4375615894508
kodim02,gauss,blurr,0.7,3,30.1968195832686,30.2934523670909,0.3200098061845,0.983046643443474,0.98334408126345,0.0302567352179574,5.84949480761276,4.90109617437802,-16.2133425949956
kodim03,gauss,blurr,0.7,3,31.2347025857045,31.3082633629363,0.235509773239894,0.959660928342066,0.96103276364567,0.142950000681442,7.78056467874901,6.04893132233792,-22.255882804248
kodim04,gauss,blurr,0.7,3,31.1946114909302,31.511449926421,1.01568322331239,0.95997698115759,0.963323297672528,0.348582995282154,4.89240041702865,4.5471575424732,-7.05671746232765
