name,type,method,sigma,filter_size,jpg_PSNR,PSNR,delta_PSNR,jpg_SSIM,SSIM,delta_SSIM,jpg_NIQE,NIQE,delta_NIQE
kodim01,gauss,blurr,1.1,3,26.1589663960723,24.8114421960039,-5.15128992356016,0.814127189487225,0.740333983929889,-9.06408808233193,5.26153663626786,5.76718356273945,9.61025193640499
kodim02,gauss,blurr,1.1,3,30.1968195832686,30.0061079032127,-0.631562140277703,0.983046643443474,0.982176282735417,-0.0885370713446786,5.84949480761276,5.21474411442428,-10.8513762994094
kodim03,gauss,blurr,1.1,3,31.2347025857045,31.0340768805279,-0.642316681665576,0.959660928342066,0.959397691339311,-0.0274302094604843,7.78056467874901,6.18192051874642,-20.5466341584301
kodim04,gauss,blurr,1.1,3,31.1946114909302,31.3714899858048,0.567016181387732,0.95997698115759,0.962803196556369,0.294404496592342,4.89240041702865,5.01313644934008,2.46782810113383
