name,type,method,sigma,filter_size,jpg_PSNR,PSNR,delta_PSNR,jpg_SSIM,SSIM,delta_SSIM,jpg_NIQE,NIQE,delta_NIQE
kodim01,gauss,blurr,2,3,26.1589663960723,24.4005535052999,-6.7220274079194,0.814127189487225,0.71859354907773,-11.7344859185537,5.26153663626786,5.34395035504864,1.56634315178379
kodim02,gauss,blurr,2,3,30.1968195832686,29.8383061977608,-1.18725544761165,0.983046643443474,0.981455118404964,-0.161897204890956,5.84949480761276,5.13396688953602,-12.2323028160572
kodim03,gauss,blurr,2,3,31.2347025857045,30.8809604951897,-1.13252908217785,0.959660928342066,0.958370086850288,-0.134510164335592,7.78056467874901,6.35461152109107,-18.3271165594527
kodim04,gauss,blurr,2,3,31.1946114909302,31.2755019162028,0.259308968461326,0.95997698115759,0.962308692549793,0.242892427419605,4.89240041702865,5.11495276041156,4.54893966994784
