name,type,method,sigma,filter_size,jpg_PSNR,PSNR,delta_PSNR,jpg_SSIM,SSIM,delta_SSIM,jpg_niqe,im_niqe,delta_niqe
kodim09,avg,method_2,-1,3,28.3742323725659,28.4234894008143,0.173597747426722,0.795812224523494,0.80273895432026,0.870397511286529,6.80409757101481,5.90667349969392,-13.189465053292
kodim10,avg,method_2,-1,3,28.3916988114205,28.4120059474435,0.0715249064804446,0.81776030433309,0.825396663682866,0.933813895014553,6.71975931901749,5.76143330093385,-14.2613146183897
