name,type,method,sigma,filter_size,jpg_PSNR,PSNR,delta_PSNR,jpg_SSIM,SSIM,delta_SSIM,jpg_niqe,im_niqe,delta_niqe
kodim09,avg,method_2,-1,5,28.3742323725659,26.475192667164,-6.69283200499216,0.795812224523494,0.775685178201725,-2.52912002373675,6.80409757101481,6.5659857888116,-3.49953509217082
kodim10,avg,method_2,-1,5,28.3916988114205,27.0340551272544,-4.78183321534783,0.81776030433309,0.798361983788761,-2.37212792569447,6.71975931901749,6.05167156381685,-9.94213815530406
