name,type,method,sigma,filter_size,jpg_PSNR,PSNR,delta_PSNR,jpg_SSIM,SSIM,delta_SSIM,jpg_niqe,im_niqe,delta_niqe
baboon,gauss,method_2,0.7,3,23.2851881974757,23.4663454483771,0.777993501126483,0.683424183013634,0.665218374025168,-2.66391056110785,6.21307831477972,4.64980330545626,-25.1610382184421
boats,gauss,method_2,0.7,3,28.1346337697327,28.6326767283968,1.77021305036447,0.758329200658616,0.776864673006727,2.44425143222932,5.31207283576783,5.05740002279587,-4.79422667658411
