name,type,method,sigma,filter_size,jpg_PSNR,PSNR,delta_PSNR,jpg_SSIM,SSIM,delta_SSIM,jpg_niqe,im_niqe,delta_niqe
baboon,gauss,method_2,0.4,3,23.2851881974757,23.5053846511164,0.945650306852804,0.683424183013634,0.686044043416209,0.38334323948316,6.21307831477972,5.55487750299257,-10.5937955139148
boats,gauss,method_2,0.4,3,28.1346337697327,28.3684946030304,0.831220463759065,0.758329200658616,0.764045750492417,0.75383485547382,5.31207283576783,4.87806916012073,-8.1701378927792
