name,type,method,sigma,filter_size,jpg_PSNR,PSNR,delta_PSNR,jpg_SSIM,SSIM,delta_SSIM,jpg_NIQE,NIQE,delta_NIQE
kodim01,gauss,method_1,0.4,5,26.1589663960723,25.1837914724179,-3.72788018031461,0.814127189487225,0.800904958244691,-1.62409896307018,5.26153663626786,4.79759082612968,-8.81768658494535
kodim02,gauss,method_1,0.4,5,30.1968195832686,29.6814910541166,-1.7065655796331,0.983046643443474,0.98159677293426,-0.147487458391072,5.84949480761276,5.38328057381068,-7.97016236676245
kodim03,gauss,method_1,0.4,5,31.2347025857045,30.9629972478687,-0.869882903768059,0.959660928342066,0.959179371227243,-0.0501799229916504,7.78056467874901,7.3127888513331,-6.01210640525285
kodim04,gauss,method_1,0.4,5,31.1946114909302,30.6838703065612,-1.63727374683746,0.95997698115759,0.958606016866756,-0.142812204640676,4.89240041702865,4.40619956128693,-9.93787945176024
kodim05,gauss,method_1,0.4,5,25.809512559855,25.2076758380831,-2.331840713288,0.872277366064175,0.870589382854304,-0.193514503017316,4.45431318800229,3.96927026781245,-10.8892863998945
