name,type,method,sigma,filter_size,jpg_PSNR,PSNR,delta_PSNR,jpg_SSIM,SSIM,delta_SSIM,jpg_NIQE,NIQE,delta_NIQE
kodim01,gauss,method_1,0.4,3,26.1589663960723,25.5573437974309,-2.29987144573015,0.814127189487225,0.805769079549654,-1.02663441849116,5.26153663626786,4.93642182563777,-6.17908480174916
kodim02,gauss,method_1,0.4,3,30.1968195832686,29.8816205202859,-1.04381543266013,0.983046643443474,0.982187177745871,-0.0874287810589144,5.84949480761276,5.45366342993174,-6.76693271299033
kodim03,gauss,method_1,0.4,3,31.2347025857045,31.0107956677017,-0.716853049547979,0.959660928342066,0.95933820597397,-0.0336287910203098,7.78056467874901,7.37393051181923,-5.22628091557951
kodim04,gauss,method_1,0.4,3,31.1946114909302,30.8797772648885,-1.00925836544935,0.95997698115759,0.959132436111885,-0.0879755517352113,4.89240041702865,4.38782976196984,-10.313355654672
kodim05,gauss,method_1,0.4,3,25.809512559855,25.375634259618,-1.68107901778782,0.872277366064175,0.872146847114792,-0.0149630099852823,4.45431318800229,4.12453382953061,-7.40359612251644
