name,type,method,sigma,filter_size,jpg_PSNR,PSNR,delta_PSNR,jpg_SSIM,SSIM,delta_SSIM,jpg_NIQE,NIQE,delta_NIQE
kodim01,gauss,method_1,4.7,7,26.1589663960723,20.9323119432073,-19.9803553922136,0.814127189487225,0.438729384969228,-46.1104615305183,5.26153663626786,4.96235919162144,-5.68612299654417
kodim02,gauss,method_1,4.7,7,30.1968195832686,27.6595344626443,-8.40249124126358,0.983046643443474,0.969478572251375,-1.38020624785125,5.84949480761276,5.36650139616734,-8.25701068777475
kodim03,gauss,method_1,4.7,7,31.2347025857045,28.7176910096518,-8.05838176030748,0.959660928342066,0.942232795907422,-1.81607189788924,7.78056467874901,5.53931233609722,-28.8057799811535
kodim04,gauss,method_1,4.7,7,31.1946114909302,29.0219972314329,-6.96471010747792,0.95997698115759,0.945101724824654,-1.54954302289607,4.89240041702865,5.2167979301938,6.63064110688963
kodim05,gauss,method_1,4.7,7,25.809512559855,20.5011820069918,-20.5673413651365,0.872277366064175,0.62789006885341,-28.0171544876226,4.45431318800229,6.2843438322032,41.0844627883398
