name,type,method,sigma,filter_size,jpg_PSNR,PSNR,delta_PSNR,jpg_SSIM,SSIM,delta_SSIM,jpg_NIQE,NIQE,delta_NIQE
kodim01,gauss,method_1,1.4,7,26.1589663960723,22.7092168721424,-13.1876369719556,0.814127189487225,0.603900476486977,-25.8223427143685,5.26153663626786,5.54657260577277,5.41735217693162
kodim02,gauss,method_1,1.4,7,30.1968195832686,28.8982060841707,-4.3004975921948,0.983046643443474,0.977092407286265,-0.605692130370511,5.84949480761276,5.10378149476722,-12.7483370337389
kodim03,gauss,method_1,1.4,7,31.2347025857045,30.1080264820188,-3.60712928382859,0.959660928342066,0.953562864185236,-0.635439453324943,7.78056467874901,5.94329853372845,-23.6135321905191
kodim04,gauss,method_1,1.4,7,31.1946114909302,30.4309648031897,-2.44800832978016,0.95997698115759,0.957737825406767,-0.23325098359367,4.89240041702865,4.99460435793571,2.08903467000204
kodim05,gauss,method_1,1.4,7,25.809512559855,22.5087616658207,-12.7888928021385,0.872277366064175,0.756995255215956,-13.2162217355686,4.45431318800229,5.8848720508794,32.1162613066886
