name,type,method,sigma,filter_size,jpg_PSNR,PSNR,delta_PSNR,jpg_SSIM,SSIM,delta_SSIM,jpg_NIQE,NIQE,delta_NIQE
kodim01,gauss,method_1,1.7,7,26.1589663960723,22.1434734230861,-15.3503502859697,0.814127189487225,0.554147716074647,-31.9335205566989,5.26153663626786,5.96496396229488,13.3692374425046
kodim02,gauss,method_1,1.7,7,30.1968195832686,28.5358443494151,-5.50049726022721,0.983046643443474,0.975039689390343,-0.814503981732127,5.84949480761276,5.50489109893091,-5.89117043463929
kodim03,gauss,method_1,1.7,7,31.2347025857045,29.6958563121756,-4.92671978965222,0.959660928342066,0.950489441995432,-0.955700714259382,7.78056467874901,6.05813390818279,-22.1376062237575
kodim04,gauss,method_1,1.7,7,31.1946114909302,30.0406164489408,-3.69934096574633,0.95997698115759,0.954657720878316,-0.554102898681993,4.89240041702865,5.24690349668321,7.24599479675987
kodim05,gauss,method_1,1.7,7,25.809512559855,21.8427964924228,-15.3692017942337,0.872277366064175,0.71921252550499,-17.5477258168274,4.45431318800229,6.09405581257873,36.8124681711446
