name,type,method,sigma,filter_size,jpg_PSNR,PSNR,delta_PSNR,jpg_SSIM,SSIM,delta_SSIM,jpg_NIQE,NIQE,delta_NIQE
kodim01,gauss,method_1,3.5,3,26.1589663960723,24.1373430290063,-7.72822341852737,0.814127189487225,0.715541363817327,-12.1093886732848,5.26153663626786,4.3430791841402,-17.4560687422894
kodim02,gauss,method_1,3.5,3,30.1968195832686,29.6246543195186,-1.8947865094609,0.983046643443474,0.980900664977946,-0.218298742978319,5.84949480761276,4.44223109231717,-24.0578675865156
kodim03,gauss,method_1,3.5,3,31.2347025857045,30.803269290011,-1.38126269814704,0.959660928342066,0.958217563914554,-0.150403583691245,7.78056467874901,5.81022472910112,-25.3238682666499
kodim04,gauss,method_1,3.5,3,31.1946114909302,31.0121294756051,-0.584979285214358,0.95997698115759,0.961313109759832,0.139183400067644,4.89240041702865,4.35364172880002,-11.0121544089772
kodim05,gauss,method_1,3.5,3,25.809512559855,24.2795919278248,-5.92773934990901,0.872277366064175,0.837729354065099,-3.96066817083208,4.45431318800229,4.12710346335428,-7.34590745727869
