name,type,method,sigma,filter_size,jpg_PSNR,PSNR,delta_PSNR,jpg_SSIM,SSIM,delta_SSIM,jpg_NIQE,NIQE,delta_NIQE
kodim01,gauss,method_1,2.3,3,26.1589663960723,24.1988094362218,-7.49325080422444,0.814127189487225,0.719295865710527,-11.64821971324,5.26153663626786,4.35208079161233,-17.2849854999894
kodim02,gauss,method_1,2.3,3,30.1968195832686,29.6507939265896,-1.80822240293656,0.983046643443474,0.981018655322204,-0.206296225595817,5.84949480761276,4.45957827427416,-23.7613089514963
kodim03,gauss,method_1,2.3,3,31.2347025857045,30.8270433780275,-1.305148357211,0.959660928342066,0.958407475967441,-0.13061408853956,7.78056467874901,5.80272304808129,-25.4202839039406
kodim04,gauss,method_1,2.3,3,31.1946114909302,31.0259266861094,-0.540749817864759,0.95997698115759,0.961398824466897,0.148112229482058,4.89240041702865,4.37400095193038,-10.5960146535414
kodim05,gauss,method_1,2.3,3,25.809512559855,24.3340875151406,-5.71659399336845,0.872277366064175,0.839612995095956,-3.74472297906855,4.45431318800229,4.12662324659243,-7.35668839569912
