name,type,method,sigma,filter_size,jpg_PSNR,PSNR,delta_PSNR,jpg_SSIM,SSIM,delta_SSIM,jpg_NIQE,NIQE,delta_NIQE
kodim01,gauss,method_1,1.1,7,26.1589663960723,23.5401071811065,-10.0113252768235,0.814127189487225,0.670880999984333,-17.5950627067393,5.26153663626786,5.1840098090954,-1.47346360069163
kodim02,gauss,method_1,1.1,7,30.1968195832686,29.3613218782935,-2.76684007291287,0.983046643443474,0.979531372158173,-0.35758947032131,5.84949480761276,4.87041477933391,-16.7378561821209
kodim03,gauss,method_1,1.1,7,31.2347025857045,30.6289732788857,-1.93928309436191,0.959660928342066,0.95710248189456,-0.266599000953951,7.78056467874901,6.08309320714852,-21.8168158955966
kodim04,gauss,method_1,1.1,7,31.1946114909302,30.862032198329,-1.06614340331799,0.95997698115759,0.960757946538311,0.0813525111591823,4.89240041702865,4.80725512160513,-1.74035827335736
kodim05,gauss,method_1,1.1,7,25.809512559855,23.5161996483339,-8.88553360394788,0.872277366064175,0.805005217120984,-7.71224286682241,4.45431318800229,5.44866240153718,22.3232891708911
