name,type,method,sigma,filter_size,jpg_PSNR,PSNR,delta_PSNR,jpg_SSIM,SSIM,delta_SSIM,jpg_NIQE,NIQE,delta_NIQE
kodim01,gauss,method_1,4.7,3,26.1589663960723,24.1169005025465,-7.80637072048983,0.814127189487225,0.714253685785183,-12.2675553637936,5.26153663626786,4.34505715065156,-17.4184757984766
kodim02,gauss,method_1,4.7,3,30.1968195832686,29.6148830046823,-1.92714526435998,0.983046643443474,0.980855807173922,-0.222861883936374,5.84949480761276,4.43819252214737,-24.1269089362839
kodim03,gauss,method_1,4.7,3,31.2347025857045,30.7948293718857,-1.40828366337699,0.959660928342066,0.9581517549889,-0.157261102186661,7.78056467874901,5.81682660204583,-25.2390174464679
kodim04,gauss,method_1,4.7,3,31.1946114909302,31.0069928666733,-0.601445619258562,0.95997698115759,0.961276960992711,0.135417813201481,4.89240041702865,4.34285493505726,-11.2326350079325
kodim05,gauss,method_1,4.7,3,25.809512559855,24.2606978932186,-6.00094505095572,0.872277366064175,0.83706300181427,-4.03706041448678,4.45431318800229,4.1265603695174,-7.35809999547613
