name,type,method,sigma,filter_size,jpg_PSNR,PSNR,delta_PSNR,jpg_SSIM,SSIM,delta_SSIM,jpg_NIQE,NIQE,delta_NIQE
kodim01,gauss,method_1,1.4,5,26.1589663960723,22.9418508488192,-12.2983282234579,0.814127189487225,0.625616874633351,-23.1548973290779,5.26153663626786,5.32268311532261,1.16214108694537
kodim02,gauss,method_1,1.4,5,30.1968195832686,29.0598691822368,-3.7651329402309,0.983046643443474,0.977994793746556,-0.513897253056279,5.84949480761276,5.01348488558138,-14.2920021220184
kodim03,gauss,method_1,1.4,5,31.2347025857045,30.3272452330641,-2.90528571594521,0.959660928342066,0.954866955619584,-0.499548598978984,7.78056467874901,5.89818417610774,-24.1933661676588
kodim04,gauss,method_1,1.4,5,31.1946114909302,30.6444595350904,-1.76361214179501,0.95997698115759,0.959290359552911,-0.0715247988395349,4.89240041702865,4.95210589933362,1.22037194864823
kodim05,gauss,method_1,1.4,5,25.809512559855,22.9325048996441,-11.1470825089735,0.872277366064175,0.778104168628501,-10.7962445317819,4.45431318800229,5.82222690576711,30.7098683911429
