name,type,method,sigma,filter_size,jpg_PSNR,PSNR,delta_PSNR,jpg_SSIM,SSIM,delta_SSIM,jpg_NIQE,NIQE,delta_NIQE
kodim01,gauss,method_1,2,3,26.1589663960723,24.2335799148484,-7.36033087879572,0.814127189487225,0.721389758143811,-11.3910249578846,5.26153663626786,4.37667228034648,-16.8176032420263
kodim02,gauss,method_1,2,3,30.1968195832686,29.665623097795,-1.75911401533117,0.983046643443474,0.981086676677363,-0.199376782290338,5.84949480761276,4.45354061042213,-23.8645257941571
kodim03,gauss,method_1,2,3,31.2347025857045,30.8394455751794,-1.26544188932356,0.959660928342066,0.958498325534776,-0.12114724825753,7.78056467874901,5.79464841369354,-25.5240634459294
kodim04,gauss,method_1,2,3,31.1946114909302,31.0333098408478,-0.517081772694102,0.95997698115759,0.961442904239874,0.152703982601423,4.89240041702865,4.3909607519029,-10.2493586457156
kodim05,gauss,method_1,2,3,25.809512559855,24.3655891189645,-5.59453975561089,0.872277366064175,0.840672283382568,-3.62328359203138,4.45431318800229,4.12625120701551,-7.36504074007219
