name,type,method,sigma,filter_size,jpg_PSNR,PSNR,delta_PSNR,jpg_SSIM,SSIM,delta_SSIM,jpg_NIQE,NIQE,delta_NIQE
kodim01,gauss,method_1,4.7,5,26.1589663960723,21.7669833293608,-16.7895894670018,0.814127189487225,0.521054628472023,-35.9983752906954,5.26153663626786,5.18873044477031,-1.38374388568715
kodim02,gauss,method_1,4.7,5,30.1968195832686,28.370143788587,-6.04923240225492,0.983046643443474,0.974024502287685,-0.917773456220288,5.84949480761276,5.24827406300979,-10.2781652839577
kodim03,gauss,method_1,4.7,5,31.2347025857045,29.5963908735703,-5.24516507765331,0.959660928342066,0.948937588839021,-1.11740920009846,7.78056467874901,5.80272920403912,-25.4202047842611
kodim04,gauss,method_1,4.7,5,31.1946114909302,30.0417715804123,-3.69563798174915,0.95997698115759,0.954449509877173,-0.575792064696292,4.89240041702865,5.06720401098014,3.57296171717782
kodim05,gauss,method_1,4.7,5,25.809512559855,21.7343800379147,-15.7892657309572,0.872277366064175,0.71071247863017,-18.5221918760779,4.45431318800229,5.77916911440563,29.743214508846
