name,type,method,sigma,filter_size,jpg_PSNR,PSNR,delta_PSNR,jpg_SSIM,SSIM,delta_SSIM,jpg_NIQE,NIQE,delta_NIQE
kodim01,gauss,method_1,2.9,5,26.1589663960723,21.9600964316826,-16.0513603665171,0.814127189487225,0.539253198316993,-33.7630280280112,5.26153663626786,5.25768598799626,-0.0731848609596832
kodim02,gauss,method_1,2.9,5,30.1968195832686,28.4901457331797,-5.65183311899009,0.983046643443474,0.974755539053278,-0.843409053425308,5.84949480761276,5.2462952401598,-10.3119942369711
kodim03,gauss,method_1,2.9,5,31.2347025857045,29.7220352992025,-4.84290600287119,0.959660928342066,0.950013333359157,-1.00531288687305,7.78056467874901,5.76728378960591,-25.8757683056341
kodim04,gauss,method_1,2.9,5,31.1946114909302,30.1519568780805,-3.34241897243326,0.95997698115759,0.95539981397461,-0.47679968091117,4.89240041702865,5.08088522753518,3.85260392527324
kodim05,gauss,method_1,2.9,5,25.809512559855,21.9226002361586,-15.0599989623294,0.872277366064175,0.722423579715289,-17.17960274781,4.45431318800229,5.83424216574723,30.9796127820958
