name,type,method,sigma,filter_size,jpg_PSNR,PSNR,delta_PSNR,jpg_SSIM,SSIM,delta_SSIM,jpg_NIQE,NIQE,delta_NIQE
kodim01,gauss,method_1,5,7,26.1589663960723,20.9107166904109,-20.0629093145263,0.814127189487225,0.436622539973266,-46.3692472611963,5.26153663626786,4.87794092517387,-7.29056428971448
kodim02,gauss,method_1,5,7,30.1968195832686,27.6427504160389,-8.45807340798503,0.983046643443474,0.969363658271979,-1.39189582333195,5.84949480761276,5.30249022207858,-9.35131329328279
kodim03,gauss,method_1,5,7,31.2347025857045,28.699228457412,-8.11749086240065,0.959660928342066,0.942062863533177,-1.83377944117111,7.78056467874901,5.56120049588776,-28.524461584684
kodim04,gauss,method_1,5,7,31.1946114909302,29.0018784335569,-7.02920457275398,0.95997698115759,0.944895032832713,-1.57107395499112,4.89240041702865,5.24351134231255,7.17665962217249
kodim05,gauss,method_1,5,7,25.809512559855,20.4780978725208,-20.6567817775327,0.872277366064175,0.626172357345897,-28.2140771150276,4.45431318800229,6.24715873758322,40.2496518298257
