name,type,method,sigma,filter_size,jpg_PSNR,PSNR,delta_PSNR,jpg_SSIM,SSIM,delta_SSIM,jpg_NIQE,NIQE,delta_NIQE
kodim01,gauss,method_1,3.5,5,26.1589663960723,21.8622863757724,-16.4252667909119,0.814127189487225,0.530079978792744,-34.8897831152632,5.26153663626786,5.23260980705195,-0.549779108569073
kodim02,gauss,method_1,3.5,5,30.1968195832686,28.4297064750997,-5.85198419090478,0.983046643443474,0.974387685226707,-0.880828826843431,5.84949480761276,5.24303858020742,-10.3676684457617
kodim03,gauss,method_1,3.5,5,31.2347025857045,29.6583612124448,-5.04676287195127,0.959660928342066,0.949472207866759,-1.06170004158751,7.78056467874901,5.7516497258541,-26.0767056976786
kodim04,gauss,method_1,3.5,5,31.1946114909302,30.0964831119879,-3.52025021777096,0.95997698115759,0.95492876871263,-0.525868072260679,4.89240041702865,5.09419276165532,4.1246081151555
kodim05,gauss,method_1,3.5,5,25.809512559855,21.8270778342472,-15.4301043709065,0.872277366064175,0.716540788225776,-17.8540202803957,4.45431318800229,5.80382410020362,30.2967226425893
