name,type,method,sigma,filter_size,jpg_PSNR,PSNR,delta_PSNR,jpg_SSIM,SSIM,delta_SSIM,jpg_NIQE,NIQE,delta_NIQE
kodim01,gauss,method_1,3.5,7,26.1589663960723,21.0839273258716,-19.4007629864254,0.814127189487225,0.453530294751793,-44.2924520138619,5.26153663626786,5.43813772220094,3.35645455199856
kodim02,gauss,method_1,3.5,7,30.1968195832686,27.7750497499958,-8.01995000365747,0.983046643443474,0.970258171344265,-1.30090186305026,5.84949480761276,5.62377287965326,-3.85882773441791
kodim03,gauss,method_1,3.5,7,31.2347025857045,28.8450924879596,-7.65049736327115,0.959660928342066,0.943387501587316,-1.6957475577196,7.78056467874901,5.68063003058999,-26.9894890006448
kodim04,gauss,method_1,3.5,7,31.1946114909302,29.1589501589279,-6.5256825929508,0.95997698115759,0.946509554668618,-1.40289056438953,4.89240041702865,5.33969277481664,9.1425950384421
kodim05,gauss,method_1,3.5,7,25.809512559855,20.6614699199572,-19.9462993652396,0.872277366064175,0.639767511278939,-26.6554955832856,4.45431318800229,6.44181462829925,44.6197058089742
