name,type,method,sigma,filter_size,jpg_PSNR,PSNR,delta_PSNR,jpg_SSIM,SSIM,delta_SSIM,jpg_NIQE,NIQE,delta_NIQE
kodim01,gauss,method_1,2.6,5,26.1589663960723,22.0359087791258,-15.7615463643303,0.814127189487225,0.546316527625091,-32.8954327186657,5.26153663626786,5.28703449469475,0.484608588508883
kodim02,gauss,method_1,2.6,5,30.1968195832686,28.5372832208737,-5.4957322833905,0.983046643443474,0.975037822701234,-0.814693869884543,5.84949480761276,5.21610467542078,-10.8281168378448
kodim03,gauss,method_1,2.6,5,31.2347025857045,29.7710087150331,-4.68611431997855,0.959660928342066,0.950427301354356,-0.962175984768072,7.78056467874901,5.70760800740533,-26.642753539541
kodim04,gauss,method_1,2.6,5,31.1946114909302,30.193306053255,-3.20986667189722,0.95997698115759,0.955747434892458,-0.440588300360236,4.89240041702865,5.05552371682383,3.33421809113178
kodim05,gauss,method_1,2.6,5,25.809512559855,21.9977457701516,-14.7688445524244,0.872277366064175,0.727017718154915,-16.6529195369003,4.45431318800229,5.86851944117515,31.7491427630645
