name,type,method,sigma,filter_size,jpg_PSNR,PSNR,delta_PSNR,jpg_SSIM,SSIM,delta_SSIM,jpg_NIQE,NIQE,delta_NIQE
kodim01,gauss,method_1,2.6,3,26.1589663960723,24.1747362814731,-7.58527720306683,0.814127189487225,0.717825789924167,-11.8287904895687,5.26153663626786,4.34718000117892,-17.3781292101296
kodim02,gauss,method_1,2.6,3,30.1968195832686,29.6404566358144,-1.84245544773332,0.983046643443474,0.980973046011211,-0.210935813279297,5.84949480761276,4.46101570681321,-23.7367353329817
kodim03,gauss,method_1,2.6,3,31.2347025857045,30.8176330137101,-1.3352762711605,0.959660928342066,0.958329622073448,-0.138726734547528,7.78056467874901,5.81639961148228,-25.2445053587362
kodim04,gauss,method_1,2.6,3,31.1946114909302,31.0203908716434,-0.558495877845672,0.95997698115759,0.961366240345559,0.144717968788566,4.89240041702865,4.36722476221049,-10.7345190510208
kodim05,gauss,method_1,2.6,3,25.809512559855,24.3129809778703,-5.79837212544806,0.872277366064175,0.83888483872543,-3.82820059741043,4.45431318800229,4.12507174647022,-7.39151980644033
