name,type,method,sigma,filter_size,jpg_PSNR,PSNR,delta_PSNR,jpg_SSIM,SSIM,delta_SSIM,jpg_NIQE,NIQE,delta_NIQE
kodim01,gauss,method_1,2.9,3,26.1589663960723,24.1586095667552,-7.64692610185641,0.814127189487225,0.716842273136412,-11.9495967714931,5.26153663626786,4.34639309965257,-17.3930849460818
kodim02,gauss,method_1,2.9,3,30.1968195832686,29.6339131364539,-1.86412494621324,0.983046643443474,0.980943496994309,-0.213941674404986,5.84949480761276,4.4534994841515,-23.865228868046
kodim03,gauss,method_1,2.9,3,31.2347025857045,30.8120213028541,-1.35324254069859,0.959660928342066,0.958289838170573,-0.142872355328774,7.78056467874901,5.8047469192087,-25.3942720241995
kodim04,gauss,method_1,2.9,3,31.1946114909302,31.0169180792828,-0.569628545298671,0.95997698115759,0.961345155167391,0.142521543396976,4.89240041702865,4.36282679295581,-10.82441294522
kodim05,gauss,method_1,2.9,3,25.809512559855,24.2986738769452,-5.85380556647849,0.872277366064175,0.838400389232591,-3.88373906621479,4.45431318800229,4.12652482117791,-7.35889806103617
