name,type,method,sigma,filter_size,jpg_PSNR,PSNR,delta_PSNR,jpg_SSIM,SSIM,delta_SSIM,jpg_NIQE,NIQE,delta_NIQE
kodim01,gauss,method_1,4.1,7,26.1589663960723,20.9916367014196,-19.7535698330518,0.814127189487225,0.444519932529905,-45.3992031871723,5.26153663626786,5.14535611434686,-2.20811010076721
kodim02,gauss,method_1,4.1,7,30.1968195832686,27.7046957081651,-8.25293494313651,0.983046643443474,0.969789034008686,-1.34862465816966,5.84949480761276,5.513967881051,-5.73599836562098
kodim03,gauss,method_1,4.1,7,31.2347025857045,28.7675868201265,-7.89863696895647,0.959660928342066,0.942689153809733,-1.76851782031529,7.78056467874901,5.65621328265948,-27.3033061712314
kodim04,gauss,method_1,4.1,7,31.1946114909302,29.0759209508706,-6.79184781857474,0.95997698115759,0.945660212935803,-1.49136578301316,4.89240041702865,5.29830142019223,8.29656137201655
kodim05,gauss,method_1,4.1,7,25.809512559855,20.5636224082349,-20.3254135057928,0.872277366064175,0.632540345817757,-27.4840354196213,4.45431318800229,6.34575036147033,42.463048592152
