name,type,method,sigma,filter_size,jpg_PSNR,PSNR,delta_PSNR,jpg_SSIM,SSIM,delta_SSIM,jpg_NIQE,NIQE,delta_NIQE
kodim01,gauss,method_1,4.1,3,26.1589663960723,24.1245822377647,-7.77700512896793,0.814127189487225,0.71474448647239,-12.2072698588326,5.26153663626786,4.34609340523645,-17.3987808945632
kodim02,gauss,method_1,4.1,3,30.1968195832686,29.618687390397,-1.91454663388435,0.983046643443474,0.980873352719742,-0.221077070780623,5.84949480761276,4.4423383309773,-24.056034288707
kodim03,gauss,method_1,4.1,3,31.2347025857045,30.7978459192612,-1.39862598417452,0.959660928342066,0.958176601923491,-0.154671965351197,7.78056467874901,5.81995388563603,-25.1988239165722
kodim04,gauss,method_1,4.1,3,31.1946114909302,31.0088513307059,-0.595487974832714,0.95997698115759,0.961289176280374,0.136690269510622,4.89240041702865,4.34904517511113,-11.1061073420381
kodim05,gauss,method_1,4.1,3,25.809512559855,24.2679078464432,-5.97300979565835,0.872277366064175,0.837320934960314,-4.00749033092414,4.45431318800229,4.13019950751346,-7.27640080095466
