name,type,method,sigma,filter_size,jpg_PSNR,PSNR,delta_PSNR,jpg_SSIM,SSIM,delta_SSIM,jpg_NIQE,NIQE,delta_NIQE
kodim01,gauss,method_1,3.2,5,26.1589663960723,21.904035071493,-16.2656706696873,0.814127189487225,0.533993157169844,-34.4091237750974,5.26153663626786,5.24775578599701,-0.261916835774832
kodim02,gauss,method_1,3.2,5,30.1968195832686,28.4554586296281,-5.76670317494415,0.983046643443474,0.974543939873992,-0.864933889575973,5.84949480761276,5.24195656729956,-10.3861659903095
kodim03,gauss,method_1,3.2,5,31.2347025857045,29.6859714604782,-4.95836680684513,0.959660928342066,0.949704798373691,-1.03746330337478,7.78056467874901,5.73565358343809,-26.2822967193649
kodim04,gauss,method_1,3.2,5,31.1946114909302,30.12017935921,-3.44428758804261,0.95997698115759,0.95513139099917,-0.504761077976781,4.89240041702865,5.09155870031709,4.0707682591808
kodim05,gauss,method_1,3.2,5,25.809512559855,21.8681158371792,-15.2711009692077,0.872277366064175,0.719069318384009,-17.5641434296823,4.45431318800229,5.81404872042036,30.526266901944
