name,type,method,sigma,filter_size,jpg_PSNR,PSNR,delta_PSNR,jpg_SSIM,SSIM,delta_SSIM,jpg_NIQE,NIQE,delta_NIQE
kodim01,gauss,method_1,2,7,26.1589663960723,21.7743083233356,-16.7615876191311,0.814127189487225,0.519958583518113,-36.1330035119443,5.26153663626786,6.15004033110121,16.8867719880326
kodim02,gauss,method_1,2,7,30.1968195832686,28.2813887263918,-6.34315429012293,0.983046643443474,0.973514080473426,-0.969695897303182,5.84949480761276,5.78120349570099,-1.16747367350234
kodim03,gauss,method_1,2,7,31.2347025857045,29.4087787465028,-5.84581791419848,0.959660928342066,0.948217917571755,-1.19240144433932,7.78056467874901,6.1574009182947,-20.8617732449116
kodim04,gauss,method_1,2,7,31.1946114909302,29.7513268414998,-4.6267114108796,0.95997698115759,0.952161029646857,-0.814181138104746,4.89240041702865,5.55161928102735,13.4743440398744
kodim05,gauss,method_1,2,7,25.809512559855,21.4202497936359,-17.0063760640188,0.872277366064175,0.692553238078507,-20.6040114048363,4.45431318800229,6.24871793876057,40.2846561304113
