name,type,method,sigma,filter_size,jpg_PSNR,PSNR,delta_PSNR,jpg_SSIM,SSIM,delta_SSIM,jpg_NIQE,NIQE,delta_NIQE
kodim01,gauss,method_1,1.7,3,26.1589663960723,24.2885881446639,-7.15004646242139,0.814127189487225,0.72470136712335,-10.9842569464115,5.26153663626786,4.40564989936135,-16.2668588299256
kodim02,gauss,method_1,1.7,3,30.1968195832686,29.6874111260607,-1.68696062776793,0.983046643443474,0.981187217487103,-0.189149311354922,5.84949480761276,4.4846188515419,-23.3332279275563
kodim03,gauss,method_1,1.7,3,31.2347025857045,30.859106305776,-1.20249673867681,0.959660928342066,0.958648985438719,-0.10544796328164,7.78056467874901,5.79553482004102,-25.512670875029
kodim04,gauss,method_1,1.7,3,31.1946114909302,31.0452616156849,-0.478768184975443,0.95997698115759,0.961515795537112,0.160297008128969,4.89240041702865,4.40005985399139,-10.0633742349381
kodim05,gauss,method_1,1.7,3,25.809512559855,24.4153772012838,-5.40163381752387,0.872277366064175,0.842366216174187,-3.42908701448383,4.45431318800229,4.11620803780905,-7.59051139699656
