name,type,method,sigma,filter_size,jpg_PSNR,PSNR,delta_PSNR,jpg_SSIM,SSIM,delta_SSIM,jpg_NIQE,NIQE,delta_NIQE
kodim01,gauss,method_1,3.8,5,26.1589663960723,21.8295394267231,-16.5504512058981,0.814127189487225,0.52698668234467,-35.2697355954184,5.26153663626786,5.21615424038455,-0.862531215129996
kodim02,gauss,method_1,3.8,5,30.1968195832686,28.4094273020297,-5.91914084299546,0.983046643443474,0.974264822103531,-0.893327025580501,5.84949480761276,5.24732803525495,-10.2943380952168
kodim03,gauss,method_1,3.8,5,31.2347025857045,29.6374852735994,-5.11359859349565,0.959660928342066,0.949301854382463,-1.07945146599843,7.78056467874901,5.78077287206733,-25.7023993662528
kodim04,gauss,method_1,3.8,5,31.1946114909302,30.0782079006528,-3.57883473112653,0.95997698115759,0.954774083186613,-0.541981534255358,4.89240041702865,5.08165923875055,3.86842460938313
kodim05,gauss,method_1,3.8,5,25.809512559855,21.7954442857464,-15.5526698336498,0.872277366064175,0.714561618331689,-18.0809171335167,4.45431318800229,5.81679139923578,30.5878404532337
