name,type,method,sigma,filter_size,jpg_PSNR,PSNR,delta_PSNR,jpg_SSIM,SSIM,delta_SSIM,jpg_NIQE,NIQE,delta_NIQE
kodim01,gauss,method_1,1.1,3,26.1589663960723,24.5623453690994,-6.10353254329133,0.814127189487225,0.740842332727213,-9.00164712668184,5.26153663626786,4.49949428362099,-14.4832661126808
kodim02,gauss,method_1,1.1,3,30.1968195832686,29.7912849886106,-1.34297121436807,0.983046643443474,0.981649904471354,-0.14208267546971,5.84949480761276,4.49752816293244,-23.1125368796091
kodim03,gauss,method_1,1.1,3,31.2347025857045,30.9510177893135,-0.908235945620503,0.959660928342066,0.959323685958097,-0.0351418270775307,7.78056467874901,5.65824759558386,-27.2771600879023
kodim04,gauss,method_1,1.1,3,31.1946114909302,31.0941303216409,-0.322110661062408,0.95997698115759,0.961767478014498,0.186514561500151,4.89240041702865,4.39896852515476,-10.0856808481259
kodim05,gauss,method_1,1.1,3,25.809512559855,24.6625951342254,-4.44377794028364,0.872277366064175,0.850431563007737,-2.50445602584064,4.45431318800229,4.10194525102087,-7.91071310231458
