name,type,method,sigma,filter_size,jpg_PSNR,PSNR,delta_PSNR,jpg_SSIM,SSIM,delta_SSIM,jpg_NIQE,NIQE,delta_NIQE
kodim01,gauss,method_1,2,5,26.1589663960723,22.3012426844659,-14.7472329494854,0.814127189487225,0.570533716088573,-29.9208129324459,5.26153663626786,5.38294982246713,2.30756135693069
kodim02,gauss,method_1,2,5,30.1968195832686,28.6964465182236,-4.96864598905068,0.983046643443474,0.975972945090238,-0.719568944201666,5.84949480761276,5.17078896317969,-11.6028112983326
kodim03,gauss,method_1,2,5,31.2347025857045,29.9391878150901,-4.14767762574228,0.959660928342066,0.951834209870219,-0.815571233619762,7.78056467874901,5.79760379574436,-25.4860792870303
kodim04,gauss,method_1,2,5,31.1946114909302,30.3352167363223,-2.75494617029527,0.95997698115759,0.956916477966274,-0.318810060177143,4.89240041702865,5.07547914534826,3.74210433966884
kodim05,gauss,method_1,2,5,25.809512559855,22.263391856948,-13.7395880479461,0.872277366064175,0.742571374392743,-14.8698105347708,4.45431318800229,5.93902224195451,33.3319412283648
