name,type,method,sigma,filter_size,jpg_PSNR,PSNR,delta_PSNR,jpg_SSIM,SSIM,delta_SSIM,jpg_NIQE,NIQE,delta_NIQE
kodim01,gauss,method_1,5,5,26.1589663960723,21.7529145282829,-16.8433714126066,0.814127189487225,0.519716969468478,-36.1626811904145,5.26153663626786,5.18393115914744,-1.47495841016268
kodim02,gauss,method_1,5,5,30.1968195832686,28.3612509681587,-6.07868192889744,0.983046643443474,0.973969059048753,-0.923413396023973,5.84949480761276,5.24170051646142,-10.3905433057284
kodim03,gauss,method_1,5,5,31.2347025857045,29.5874310767681,-5.2738504694145,0.959660928342066,0.948859691378475,-1.12552638589245,7.78056467874901,5.8104592806001,-25.3208536846926
kodim04,gauss,method_1,5,5,31.1946114909302,30.0334465684326,-3.7223253215869,0.95997698115759,0.954373777033201,-0.583681091772836,4.89240041702865,5.05142034770776,3.25034578375103
kodim05,gauss,method_1,5,5,25.809512559855,21.7206984298873,-15.8422756744644,0.872277366064175,0.709848745448649,-18.621212349969,4.45431318800229,5.76594549248123,29.4463422107773
