name,type,method,sigma,filter_size,jpg_PSNR,PSNR,delta_PSNR,jpg_SSIM,SSIM,delta_SSIM,jpg_NIQE,NIQE,delta_NIQE
kodim01,gauss,method_1,3.2,7,26.1589663960723,21.1508104637691,-19.1450833969308,0.814127189487225,0.460058558391854,-43.4905793182487,5.26153663626786,5.65753233153319,7.52623658525393
kodim02,gauss,method_1,3.2,7,30.1968195832686,27.8263454052098,-7.85007895126884,0.983046643443474,0.970604998516447,-1.26562101707049,5.84949480761276,5.70154489758492,-2.52927671352562
kodim03,gauss,method_1,3.2,7,31.2347025857045,28.9007328219563,-7.47236109370378,0.959660928342066,0.943890638218269,-1.64331897423834,7.78056467874901,5.78107788864557,-25.6984791292156
kodim04,gauss,method_1,3.2,7,31.1946114909302,29.2198612080206,-6.3304211481646,0.95997698115759,0.947128745088423,-1.3383900157349,4.89240041702865,5.43358121027959,11.0616619066437
kodim05,gauss,method_1,3.2,7,25.809512559855,20.7328320974445,-19.6698037230931,0.872277366064175,0.644986452409934,-26.0571834713316,4.45431318800229,6.48187684675644,45.5191086297075
