name,type,method,sigma,filter_size,jpg_PSNR,PSNR,delta_PSNR,jpg_SSIM,SSIM,delta_SSIM,jpg_NIQE,NIQE,delta_NIQE
kodim01,gauss,method_1,1.7,5,26.1589663960723,22.5453909711532,-13.8139075153278,0.814127189487225,0.592125407166018,-27.2686854324364,5.26153663626786,5.36595433121782,1.98454752229995
kodim02,gauss,method_1,1.7,5,30.1968195832686,28.8383154158864,-4.49883195028544,0.983046643443474,0.976781548362564,-0.63731412163354,5.84949480761276,5.11068153032622,-12.630377521235
kodim03,gauss,method_1,1.7,5,31.2347025857045,30.0911280770776,-3.66123066319946,0.959660928342066,0.953047551155798,-0.689136859796242,7.78056467874901,5.76523566407705,-25.9020919159815
kodim04,gauss,method_1,1.7,5,31.1946114909302,30.4594284689928,-2.35676287281585,0.95997698115759,0.957897554457528,-0.216612141840569,4.89240041702865,5.03135362593554,2.84018471634579
kodim05,gauss,method_1,1.7,5,25.809512559855,22.5138715569106,-12.7690943224964,0.872277366064175,0.75649525847209,-13.2735425790662,4.45431318800229,5.97229374462542,34.0788914598959
