name,type,method,sigma,filter_size,jpg_PSNR,PSNR,delta_PSNR,jpg_SSIM,SSIM,delta_SSIM,jpg_NIQE,NIQE,delta_NIQE
kodim01,gauss,method_1,2.3,7,26.1589663960723,21.5288049412412,-17.7000932862787,0.814127189487225,0.496612367204387,-39.000640978816,5.26153663626786,6.23022897945038,18.4108257748376
kodim02,gauss,method_1,2.3,7,30.1968195832686,28.1052507491949,-6.92645405356732,0.983046643443474,0.972416644380034,-1.08133211524984,5.84949480761276,5.89006598890003,0.693584362780689
kodim03,gauss,method_1,2.3,7,31.2347025857045,29.2099405068286,-6.48241190490037,0.959660928342066,0.946567935598743,-1.36433529350233,7.78056467874901,6.08884822230457,-21.7428493469761
kodim04,gauss,method_1,2.3,7,31.1946114909302,29.5468637175267,-5.28215513721822,0.95997698115759,0.950289532307706,-1.00913345215858,4.89240041702865,5.67036803978945,15.9015525395873
kodim05,gauss,method_1,2.3,7,25.809512559855,21.1451634289154,-18.0722093070238,0.872277366064175,0.674133458296345,-22.7156997850214,4.45431318800229,6.38465249072869,43.3364072361544
