name,type,method,sigma,filter_size,jpg_PSNR,PSNR,delta_PSNR,jpg_SSIM,SSIM,delta_SSIM,jpg_NIQE,NIQE,delta_NIQE
kodim01,gauss,method_1,3.2,3,26.1589663960723,24.1465096621566,-7.69318138738798,0.814127189487225,0.716106394949476,-12.0399853737211,5.26153663626786,4.34201188157929,-17.4763537395192
kodim02,gauss,method_1,3.2,3,30.1968195832686,29.6287841539943,-1.8811101205805,0.983046643443474,0.980919623403673,-0.21637020521735,5.84949480761276,4.45867518675463,-23.776747678245
kodim03,gauss,method_1,3.2,3,31.2347025857045,30.8069995178422,-1.36932012299059,0.959660928342066,0.958248174049285,-0.147213901395479,7.78056467874901,5.80271157917789,-25.4204313084526
kodim04,gauss,method_1,3.2,3,31.1946114909302,31.0141380417771,-0.578540461084426,0.95997698115759,0.961327083079824,0.140638989135625,4.89240041702865,4.35576723934349,-10.9687092621721
kodim05,gauss,method_1,3.2,3,25.809512559855,24.2877654122412,-5.89607085404907,0.872277366064175,0.838016667345784,-3.92772987713522,4.45431318800229,4.12732238737625,-7.34099258010842
