name,type,method,sigma,filter_size,jpg_PSNR,PSNR,delta_PSNR,jpg_SSIM,SSIM,delta_SSIM,jpg_NIQE,NIQE,delta_NIQE
kodim01,gauss,method_1,4.4,3,26.1589663960723,24.1204669418247,-7.79273700414128,0.814127189487225,0.714494675144979,-12.2379544165573,5.26153663626786,4.34665440600607,-17.3881185955352
kodim02,gauss,method_1,4.4,3,30.1968195832686,29.6166897172087,-1.92116214245736,0.983046643443474,0.980864175096575,-0.22201066057799,5.84949480761276,4.44434423450066,-24.0217423782201
kodim03,gauss,method_1,4.4,3,31.2347025857045,30.7963533762429,-1.40340446098,0.959660928342066,0.958165379121124,-0.155841420315501,7.78056467874901,5.82287392530537,-25.1612939969596
kodim04,gauss,method_1,4.4,3,31.1946114909302,31.0079585577231,-0.59834992098354,0.95997698115759,0.961283128245714,0.136060250793667,4.89240041702865,4.34861822116208,-11.1148342227644
kodim05,gauss,method_1,4.4,3,25.809512559855,24.2640537080571,-5.98794281067404,0.872277366064175,0.837187669983244,-4.02276815220607,4.45431318800229,4.13269386495313,-7.22040210184229
