name,type,method,sigma,filter_size,jpg_PSNR,PSNR,delta_PSNR,jpg_SSIM,SSIM,delta_SSIM,jpg_NIQE,NIQE,delta_NIQE
kodim01,gauss,method_1,0.7,7,26.1589663960723,24.8341441504353,-5.06450532325274,0.814127189487225,0.764285653259927,-6.12208225826371,5.26153663626786,4.48044690175708,-14.8452778818779
kodim02,gauss,method_1,0.7,7,30.1968195832686,29.8449005152962,-1.16541765930663,0.983046643443474,0.981997777378492,-0.106695452548221,5.84949480761276,4.53675517294394,-22.4419317880301
kodim03,gauss,method_1,0.7,7,31.2347025857045,31.162231591578,-0.232020759370694,0.959660928342066,0.960669661194453,0.105113464828718,7.78056467874901,5.8129859741308,-25.2883792611125
kodim04,gauss,method_1,0.7,7,31.1946114909302,31.0823444273311,-0.359892488584714,0.95997698115759,0.962025589184341,0.213401786392965,4.89240041702865,4.28755717710545,-12.3629136694938
kodim05,gauss,method_1,0.7,7,25.809512559855,25.0661358872179,-2.88024297596916,0.872277366064175,0.86224078544696,-1.15061802675239,4.45431318800229,4.12028350516591,-7.49901654279915
