name,type,method,sigma,filter_size,jpg_PSNR,PSNR,delta_PSNR,jpg_SSIM,SSIM,delta_SSIM,jpg_NIQE,NIQE,delta_NIQE
kodim01,gauss,method_1,4.1,5,26.1589663960723,21.8042226656856,-16.647231639246,0.814127189487225,0.524568170512645,-35.5668036534878,5.26153663626786,5.20020749434821,-1.16561275078656
kodim02,gauss,method_1,4.1,5,30.1968195832686,28.3935785719848,-5.97162560882049,0.983046643443474,0.974169015655761,-0.903072895566344,5.84949480761276,5.24707986293174,-10.2985807235355
kodim03,gauss,method_1,4.1,5,31.2347025857045,29.620390831372,-5.16832759941617,0.959660928342066,0.949148561955556,-1.09542506900547,7.78056467874901,5.80301283183505,-25.4165594473526
kodim04,gauss,method_1,4.1,5,31.1946114909302,30.0633729119089,-3.62639098534747,0.95997698115759,0.954642503084293,-0.555688123569759,4.89240041702865,5.06745928079899,3.57817939760242
kodim05,gauss,method_1,4.1,5,25.809512559855,21.7704731901316,-15.6494213532955,0.872277366064175,0.713000871134937,-18.2598449903513,4.45431318800229,5.81581282453383,30.5658713042168
