name,type,method,sigma,filter_size,jpg_PSNR,PSNR,delta_PSNR,jpg_SSIM,SSIM,delta_SSIM,jpg_NIQE,NIQE,delta_NIQE
kodim01,gauss,method_1,2.9,7,26.1589663960723,21.2394067211019,-18.8063993067747,0.814127189487225,0.468656899527768,-42.4344370781979,5.26153663626786,5.82821933440505,10.7702889348149
kodim02,gauss,method_1,2.9,7,30.1968195832686,27.892055430187,-7.63247317064677,0.983046643443474,0.971039755572054,-1.22139554124933,5.84949480761276,5.81293410776387,-0.625023203735478
kodim03,gauss,method_1,2.9,7,31.2347025857045,28.9755977023326,-7.23267614658155,0.959660928342066,0.944564522411891,-1.57309790201161,7.78056467874901,5.91678995458659,-23.9542347003802
kodim04,gauss,method_1,2.9,7,31.1946114909302,29.2980035641245,-6.07992161517113,0.95997698115759,0.947900613904694,-1.25798508609379,4.89240041702865,5.48550094563368,12.1228942451371
kodim05,gauss,method_1,2.9,7,25.809512559855,20.8283574940352,-19.2996867115099,0.872277366064175,0.651891484121261,-25.2655738320166,4.45431318800229,6.48852185813288,45.6682901330276
