name,type,method,sigma,filter_size,jpg_PSNR,PSNR,delta_PSNR,jpg_SSIM,SSIM,delta_SSIM,jpg_NIQE,NIQE,delta_NIQE
kodim01,gauss,method_1,0.7,3,26.1589663960723,25.1689565193829,-3.78459095707233,0.814127189487225,0.77485065329404,-4.82437347632658,5.26153663626786,4.4450131119332,-15.518727337302
kodim02,gauss,method_1,0.7,3,30.1968195832686,29.9798903789918,-0.718384277783152,0.983046643443474,0.982481867270702,-0.0574516149908614,5.84949480761276,4.42600961373336,-24.3351817669249
kodim03,gauss,method_1,0.7,3,31.2347025857045,31.1260569784894,-0.347836214918309,0.959660928342066,0.960540491037769,0.091653486114459,7.78056467874901,5.71885951022714,-26.4981431765869
kodim04,gauss,method_1,0.7,3,31.1946114909302,31.1557698162772,-0.124514051615134,0.95997698115759,0.961934283166812,0.203890514839482,4.89240041702865,4.11731741800129,-15.842591222288
kodim05,gauss,method_1,0.7,3,25.809512559855,25.2059992949397,-2.33833654748701,0.872277366064175,0.866536289181477,-0.658171025186938,4.45431318800229,3.80812640480792,-14.5069903242296
