name,type,method,sigma,filter_size,jpg_PSNR,PSNR,delta_PSNR,jpg_SSIM,SSIM,delta_SSIM,jpg_NIQE,NIQE,delta_NIQE
kodim01,gauss,method_1,0.4,7,26.1589663960723,25.179296883208,-3.74506201059771,0.814127189487225,0.800863268502902,-1.62921975283461,5.26153663626786,4.79036854445598,-8.95495221992955
kodim02,gauss,method_1,0.4,7,30.1968195832686,29.6779048778913,-1.71844158602982,0.983046643443474,0.981584077111881,-0.148778935500974,5.84949480761276,5.38432615015305,-7.95228772328025
kodim03,gauss,method_1,0.4,7,31.2347025857045,30.9629621219462,-0.869995361770014,0.959660928342066,0.959178484534383,-0.0502723194655339,7.78056467874901,7.31334335414123,-6.00497963706799
kodim04,gauss,method_1,0.4,7,31.1946114909302,30.6739570459049,-1.66905250663764,0.95997698115759,0.958583015508562,-0.145208236904484,4.89240041702865,4.40744752590047,-9.91237122456779
kodim05,gauss,method_1,0.4,7,25.809512559855,25.2076394449741,-2.33198171986059,0.872277366064175,0.87058894973105,-0.193564157321122,4.45431318800229,3.97084370354292,-10.8539625314536
