name,type,method,sigma,filter_size,jpg_PSNR,PSNR,delta_PSNR,jpg_SSIM,SSIM,delta_SSIM,jpg_NIQE,NIQE,delta_NIQE
kodim01,gauss,method_1,2.6,7,26.1589663960723,21.3595149122874,-18.3472519942743,0.814127189487225,0.480332279524188,-41.0003392925959,5.26153663626786,6.04600708206892,14.9095311889247
kodim02,gauss,method_1,2.6,7,30.1968195832686,27.9811452202382,-7.33744279565807,0.983046643443474,0.971624244786778,-1.16193862548426,5.84949480761276,5.91631164617568,1.14226682406781
kodim03,gauss,method_1,2.6,7,31.2347025857045,29.0732293030152,-6.92010201396499,0.959660928342066,0.945413278031145,-1.48465462020373,7.78056467874901,6.16828672340367,-20.7218630255583
kodim04,gauss,method_1,2.6,7,31.1946114909302,29.4022269501594,-5.74581459779323,0.95997698115759,0.948915809616292,-1.15223299708282,4.89240041702865,5.74434481893859,17.4136278572912
kodim05,gauss,method_1,2.6,7,25.809512559855,20.9589547525957,-18.7936823526224,0.872277366064175,0.661187985149771,-24.1998003303543,4.45431318800229,6.43787196448135,44.5311924141703
