name,type,method,sigma,filter_size,jpg_PSNR,PSNR,delta_PSNR,jpg_SSIM,SSIM,delta_SSIM,jpg_NIQE,NIQE,delta_NIQE
kodim01,gauss,method_1,0.7,5,26.1589663960723,24.8332816041952,-5.06780264864026,0.814127189487225,0.764314586057938,-6.11852841577013,5.26153663626786,4.48570956953225,-14.7452563836165
kodim02,gauss,method_1,0.7,5,30.1968195832686,29.841878375908,-1.17542579734881,0.983046643443474,0.981996258252533,-0.106849984987681,5.84949480761276,4.53058290227716,-22.5474498006069
kodim03,gauss,method_1,0.7,5,31.2347025857045,31.1610106230511,-0.235929772185955,0.959660928342066,0.960666597351816,0.104794201790446,7.78056467874901,5.80352425023962,-25.4099864230839
kodim04,gauss,method_1,0.7,5,31.1946114909302,31.081913476953,-0.361273978391968,0.95997698115759,0.962024201571579,0.213257239930933,4.89240041702865,4.29651327616442,-12.1798522212158
kodim05,gauss,method_1,0.7,5,25.809512559855,25.0660733266813,-2.88048536929796,0.872277366064175,0.862257742314893,-1.14867405014666,4.45431318800229,4.12019397133243,-7.50102659080667
