name,type,method,sigma,filter_size,jpg_PSNR,PSNR,delta_PSNR,jpg_SSIM,SSIM,delta_SSIM,jpg_NIQE,NIQE,delta_NIQE
kodim01,gauss,method_1,3.8,3,26.1589663960723,24.1301690668594,-7.75564790479448,0.814127189487225,0.715090544308021,-12.164763252973,5.26153663626786,4.33916830999416,-17.5303982474586
kodim02,gauss,method_1,3.8,3,30.1968195832686,29.6209269661083,-1.90713003921554,0.983046643443474,0.980884046458191,-0.219989254803543,5.84949480761276,4.4447749902089,-24.0143783968438
kodim03,gauss,method_1,3.8,3,31.2347025857045,30.8002673906668,-1.39087348069241,0.959660928342066,0.958196149191814,-0.152635072137653,7.78056467874901,5.82265758623397,-25.1640745030068
kodim04,gauss,method_1,3.8,3,31.1946114909302,31.0101930818454,-0.59118674755222,0.95997698115759,0.96129864479895,0.137676597179102,4.89240041702865,4.350332452471,-11.0797955676505
kodim05,gauss,method_1,3.8,3,25.809512559855,24.2731466075892,-5.95271200377288,0.872277366064175,0.837503225402761,-3.9865921109841,4.45431318800229,4.12830162580944,-7.31900853022547
