name,type,method,sigma,filter_size,jpg_PSNR,PSNR,delta_PSNR,jpg_SSIM,SSIM,delta_SSIM,jpg_NIQE,NIQE,delta_NIQE
kodim01,gauss,method_1,2.3,5,26.1589663960723,22.1433046454307,-15.3509954859856,0.814127189487225,0.556218663307543,-31.6791441816511,5.26153663626786,5.33798387505932,1.45294510095221
kodim02,gauss,method_1,2.3,5,30.1968195832686,28.6019573000515,-5.28155714815977,0.983046643443474,0.975419772294928,-0.775840210575328,5.84949480761276,5.18125658673303,-11.4238621087424
kodim03,gauss,method_1,2.3,5,31.2347025857045,29.8401905422477,-4.46462404958217,0.959660928342066,0.951025540577476,-0.899837381053743,7.78056467874901,5.72819980487344,-26.3780966885498
kodim04,gauss,method_1,2.3,5,31.1946114909302,30.251140190105,-3.0244688288535,0.95997698115759,0.956232001529574,-0.390111398660785,4.89240041702865,5.08759007432828,3.98965008301948
kodim05,gauss,method_1,2.3,5,25.809512559855,22.1045187536584,-14.3551483105475,0.872277366064175,0.733372424617182,-15.9244005233965,4.45431318800229,5.90942132019427,32.6673960895098
