name,type,method,sigma,filter_size,jpg_PSNR,PSNR,delta_PSNR,jpg_SSIM,SSIM,delta_SSIM,jpg_NIQE,NIQE,delta_NIQE
kodim01,gauss,method_1,4.4,5,26.1589663960723,21.7835127292777,-16.72640119088,0.814127189487225,0.522623915145878,-35.8056183487679,5.26153663626786,5.20124962958451,-1.14580608006767
kodim02,gauss,method_1,4.4,5,30.1968195832686,28.3807501059952,-6.01410844696914,0.983046643443474,0.974089810060687,-0.911130050900987,5.84949480761276,5.24694797244124,-10.3008354565482
kodim03,gauss,method_1,4.4,5,31.2347025857045,29.6068817841546,-5.21157772219332,0.959660928342066,0.949030835242148,-1.10769260120681,7.78056467874901,5.79722543229081,-25.4909422175395
kodim04,gauss,method_1,4.4,5,31.1946114909302,30.0512968239749,-3.6651030813054,0.95997698115759,0.954534009189972,-0.566989841887034,4.89240041702865,5.07124717384907,3.65560341704491
kodim05,gauss,method_1,4.4,5,25.809512559855,21.7506443724185,-15.7262489092869,0.872277366064175,0.71174714217529,-18.4035755293316,4.45431318800229,5.79768687225756,30.1589409535381
