name,type,method,sigma,filter_size,jpg_PSNR,PSNR,delta_PSNR,jpg_SSIM,SSIM,delta_SSIM,jpg_NIQE,NIQE,delta_NIQE
kodim01,gauss,method_1,5,3,26.1589663960723,24.1137212232558,-7.81852440899046,0.814127189487225,0.71404895672594,-12.2927024245829,5.26153663626786,4.34946687612223,-17.334665197591
kodim02,gauss,method_1,5,3,30.1968195832686,29.613490885676,-1.93175541544708,0.983046643443474,0.980849221489667,-0.223531809854852,5.84949480761276,4.4387487626981,-24.1173997296084
kodim03,gauss,method_1,5,3,31.2347025857045,30.7935604359005,-1.41234624723459,0.959660928342066,0.958139687728621,-0.158518552596774,7.78056467874901,5.82009871857831,-25.1969624457374
kodim04,gauss,method_1,5,3,31.1946114909302,31.006234973751,-0.603875182846779,0.95997698115759,0.961271699712492,0.134869750037238,4.89240041702865,4.34188404533098,-11.2524798620638
kodim05,gauss,method_1,5,3,25.809512559855,24.2579130491227,-6.01173504200821,0.872277366064175,0.836958182083002,-4.04907720356636,4.45431318800229,4.12875019467582,-7.30893809181129
