name,type,method,sigma,filter_size,jpg_PSNR,PSNR,delta_PSNR,jpg_SSIM,SSIM,delta_SSIM,jpg_NIQE,NIQE,delta_NIQE
kodim01,gauss,method_1,3.8,7,26.1589663960723,21.0326663167066,-19.5967225988539,0.814127189487225,0.448531903976398,-44.9064090023938,5.26153663626786,5.25793621036428,-0.0684291710288755
kodim02,gauss,method_1,3.8,7,30.1968195832686,27.7358190288622,-8.14986673553519,0.983046643443474,0.969997698435959,-1.32739835841427,5.84949480761276,5.58298935857416,-4.55604215071284
kodim03,gauss,method_1,3.8,7,31.2347025857045,28.8011834357653,-7.79107514554348,0.959660928342066,0.942993284330213,-1.73682636435431,7.78056467874901,5.68962196096543,-26.8739198774937
kodim04,gauss,method_1,3.8,7,31.1946114909302,29.1124927657847,-6.67461021513562,0.95997698115759,0.946034022096377,-1.45242639509951,4.89240041702865,5.3070366205233,8.47510768030036
kodim05,gauss,method_1,3.8,7,25.809512559855,20.6067782686867,-20.1582043795001,0.872277366064175,0.635724769349605,-27.1189653563894,4.45431318800229,6.39230430873885,43.5081916995991
