name,type,method,sigma,filter_size,jpg_PSNR,PSNR,delta_PSNR,jpg_SSIM,SSIM,delta_SSIM,jpg_niqe,im_niqe,delta_niqe
kodim09,gauss,method_2,0.7,5,28.3742323725659,28.7319801683361,1.2608192922111,0.795812224523494,0.805208063346088,1.18066027802227,6.80409757101481,5.51589107383363,-18.9328045892359
kodim10,gauss,method_2,0.7,5,28.3916988114205,28.7238925029138,1.170038093528,0.81776030433309,0.828524814368482,1.31634049468453,6.71975931901749,5.33195808477036,-20.6525437647675
