name,type,method,sigma,filter_size,jpg_PSNR,PSNR,delta_PSNR,jpg_SSIM,SSIM,delta_SSIM,jpg_niqe,im_niqe,delta_niqe
kodim09,gauss,method_2,0.4,3,28.3742323725659,28.5462943119475,0.606402094415398,0.795812224523494,0.798252356254129,0.306621544057823,6.80409757101481,6.34668975339998,-6.72253466151586
kodim10,gauss,method_2,0.4,3,28.3916988114205,28.5649445895802,0.610198703890498,0.81776030433309,0.82072686361025,0.36276635848434,6.71975931901749,6.2117179190728,-7.56041066094277
