name,type,method,sigma,filter_size,jpg_PSNR,PSNR,delta_PSNR,jpg_SSIM,SSIM,delta_SSIM,jpg_niqe,im_niqe,delta_niqe
kodim09,gauss,method_2,0.7,3,28.3742323725659,28.7699644745696,1.39468831018067,0.795812224523494,0.805495727450442,1.21680751168986,6.80409757101481,5.55908942969076,-18.2979172231117
kodim10,gauss,method_2,0.7,3,28.3916988114205,28.7567734640771,1.28584997707088,0.81776030433309,0.82877824755519,1.34733162807225,6.71975931901749,5.39771026776599,-19.6740536154321
