name,type,method,sigma,filter_size,jpg_PSNR,PSNR,delta_PSNR,jpg_SSIM,SSIM,delta_SSIM,jpg_niqe,im_niqe,delta_niqe
kodim09,gauss,method_2,0.4,5,28.3742323725659,28.5463032964013,0.606433758545334,0.795812224523494,0.798252408145082,0.306628064560013,6.80409757101481,6.34666021549321,-6.72296878090443
kodim10,gauss,method_2,0.4,5,28.3916988114205,28.5649459334479,0.61020343720245,0.81776030433309,0.820726809056914,0.36275968741762,6.71975931901749,6.21175384082298,-7.55987609194297
