name,type,method,sigma,filter_size,jpg_PSNR,PSNR,delta_PSNR,jpg_SSIM,SSIM,delta_SSIM,jpg_niqe,im_niqe,delta_niqe
kodim09,avg,method_1,-1,5,31.1584373923089,27.3575910264874,-12.1984498707875,0.902038251598307,0.865775772975795,-4.02005996511338,5.47967701694737,6.07927437819398,10.9422026041351
kodim10,avg,method_1,-1,5,31.0279493176387,27.7712278278421,-10.4960900137388,0.891019082487507,0.847872992230207,-4.84233066443941,5.10615924021808,5.30195169710136,3.83443695490622
