name,type,method,sigma,filter_size,jpg_PSNR,PSNR,delta_PSNR,jpg_SSIM,SSIM,delta_SSIM,jpg_niqe,im_niqe,delta_niqe
kodim09,avg,method_1,-1,3,31.1584373923089,29.667786206389,-4.78410122802831,0.902038251598307,0.899086266789928,-0.32725716488716,5.47967701694737,4.79154745155354,-12.5578489985014
kodim10,avg,method_1,-1,3,31.0279493176387,29.7735902001462,-4.04267489498404,0.891019082487507,0.887624974350698,-0.380924292590183,5.10615924021808,4.45441643155734,-12.7638559237902
