name,type,method,sigma,filter_size,jpg_PSNR,PSNR,delta_PSNR,jpg_SSIM,SSIM,delta_SSIM,jpg_niqe,im_niqe,delta_niqe
baboon,avg,method_1,-1,5,23.2851881974757,20.9869600375144,-9.86991447297143,0.683424183013634,0.450112230814142,-34.1386737546624,6.21307831477972,5.82756481177498,-6.20487113590186
boats,avg,method_1,-1,5,28.1346337697327,25.9394774780523,-7.80232758544726,0.758329200658616,0.695949889382803,-8.22588807362763,5.31207283576783,6.00251503733375,12.9976041916624
