name,type,method,sigma,filter_size,jpg_PSNR,PSNR,delta_PSNR,jpg_SSIM,SSIM,delta_SSIM,jpg_niqe,im_niqe,delta_niqe
baboon,avg,method_1,-1,3,23.2851881974757,22.728166530535,-2.39217163381618,0.683424183013634,0.614966903351515,-10.0168067451533,6.21307831477972,5.17834683246302,-16.6540872316912
boats,avg,method_1,-1,3,28.1346337697327,28.1359349598831,0.00462486969261021,0.758329200658616,0.767988274036076,1.27373090328992,5.31207283576783,5.46826486644293,2.94032170687511
