name,type,method,sigma,filter_size,jpg_PSNR,PSNR,delta_PSNR,jpg_SSIM,SSIM,delta_SSIM,jpg_niqe,im_niqe,delta_niqe
kodim09,gauss,method_1,0.4,3,31.1584373923089,30.1561016886085,-3.21689977928039,0.902038251598307,0.900429622322926,-0.178332711781383,5.47967701694737,5.34878212673445,-2.38873367550857
kodim10,gauss,method_1,0.4,3,31.0279493176387,30.3078821901688,-2.32070485902398,0.891019082487507,0.890344489712472,-0.0757102500152524,5.10615924021808,4.80427922968503,-5.9120759132486
