name,type,method,sigma,filter_size,jpg_PSNR,PSNR,delta_PSNR,jpg_SSIM,SSIM,delta_SSIM,jpg_niqe,im_niqe,delta_niqe
kodim09,gauss,method_1,0.7,5,31.1584373923089,30.1469029662362,-3.24642219164154,0.902038251598307,0.90376691344603,0.191639527997884,5.47967701694737,4.47572879943098,-18.321302777726
kodim10,gauss,method_1,0.7,5,31.0279493176387,29.9303327746968,-3.53750913959997,0.891019082487507,0.892405014892387,0.15554463783328,5.10615924021808,4.41927764255191,-13.4520206940673
