name,type,method,sigma,filter_size,jpg_PSNR,PSNR,delta_PSNR,jpg_SSIM,SSIM,delta_SSIM,jpg_niqe,im_niqe,delta_niqe
kodim09,gauss,method_1,0.7,3,31.1584373923089,30.2467595989087,-2.92594195890338,0.902038251598307,0.904431526567323,0.265318567674466,5.47967701694737,4.2787702758358,-21.915648265353
kodim10,gauss,method_1,0.7,3,31.0279493176387,30.3541684603559,-2.17152880580417,0.891019082487507,0.894539997067176,0.395155911794815,5.10615924021808,4.10237004620378,-19.6583997245535
