name,type,method,sigma,filter_size,jpg_PSNR,PSNR,delta_PSNR,jpg_SSIM,SSIM,delta_SSIM,jpg_niqe,im_niqe,delta_niqe
kodim09,gauss,method_1,0.4,5,31.1584373923089,29.8347256394858,-4.24832521655839,0.902038251598307,0.899339421174465,-0.299192458752114,5.47967701694737,5.34349202213887,-2.48527412085263
kodim10,gauss,method_1,0.4,5,31.0279493176387,29.7869960818149,-3.99946906938627,0.891019082487507,0.888398325629414,-0.29413027280811,5.10615924021808,4.72984719609708,-7.36976710708536
