name,type,method,sigma,filter_size,jpg_PSNR,PSNR,delta_PSNR,jpg_SSIM,SSIM,delta_SSIM,jpg_niqe,im_niqe,delta_niqe
baboon,gauss,method_1,0.7,5,23.2851881974757,23.4069545057917,0.522934610977912,0.683424183013634,0.660218952209284,-3.39543600901325,6.21307831477972,4.56602818125778,-26.5094056452487
boats,gauss,method_1,0.7,5,28.1346337697327,28.5844242947438,1.59870758827837,0.758329200658616,0.776145154997808,2.34936941947098,5.31207283576783,5.0109092513847,-5.66941745141929
