name,type,method,sigma,filter_size,jpg_PSNR,PSNR,delta_PSNR,jpg_SSIM,SSIM,delta_SSIM,jpg_niqe,im_niqe,delta_niqe
baboon,gauss,method_1,0.4,5,23.2851881974757,23.5054060098335,0.945742033477165,0.683424183013634,0.686044296538803,0.38338027688974,6.21307831477972,5.55384124173157,-10.6104742230587
boats,gauss,method_1,0.4,5,28.1346337697327,28.3685014276498,0.831244720763679,0.758329200658616,0.764045834276649,0.753845904004273,5.31207283576783,4.87806599789094,-8.17019742189125
