name,type,method,sigma,filter_size,jpg_PSNR,PSNR,delta_PSNR,jpg_SSIM,SSIM,delta_SSIM,jpg_NIQE,NIQE,delta_NIQE
kodim01,gauss,method_2,5,5,26.1589663960723,21.7728671746912,-16.7670968148025,0.814127189487225,0.514062525507244,-36.8572218020351,5.26153663626786,5.46847005063096,3.93294637419615
kodim02,gauss,method_2,5,5,30.1968195832686,28.3852318703067,-5.99926660477057,0.983046643443474,0.973686408576176,-0.95216589464257,5.84949480761276,5.30830535984664,-9.25190064382633
kodim03,gauss,method_2,5,5,31.2347025857045,29.354214237461,-6.02050985785329,0.959660928342066,0.946583494433934,-1.36271400886607,7.78056467874901,5.99762478304417,-22.9153020291004
kodim04,gauss,method_2,5,5,31.1946114909302,29.9447362558164,-4.00670236100617,0.95997698115759,0.952770789721668,-0.750662940608431,4.89240041702865,5.17266957822479,5.72866358650077
kodim05,gauss,method_2,5,5,25.809512559855,21.5869878667243,-16.3603426579181,0.872277366064175,0.70270732612243,-19.4399220407227,4.45431318800229,5.85280897442009,31.396440425084
