name,type,method,sigma,filter_size,jpg_PSNR,PSNR,delta_PSNR,jpg_SSIM,SSIM,delta_SSIM,jpg_NIQE,NIQE,delta_NIQE
kodim01,gauss,method_2,1.1,7,26.1589663960723,23.7523467789659,-9.19997977239559,0.814127189487225,0.67242875458842,-17.4049505689711,5.26153663626786,5.5976025721556,6.38722029551667
kodim02,gauss,method_2,1.1,7,30.1968195832686,29.5197197059383,-2.24228871342957,0.983046643443474,0.979907101258621,-0.319368588031114,5.84949480761276,4.9635859637571,-15.1450488117829
kodim03,gauss,method_2,1.1,7,31.2347025857045,30.4872423913128,-2.39304405841808,0.959660928342066,0.955940789374878,-0.387651394082982,7.78056467874901,6.21626681158297,-20.1051971386934
kodim04,gauss,method_2,1.1,7,31.1946114909302,30.9382812709465,-0.821713134841191,0.95997698115759,0.960361745391665,0.040080568766439,4.89240041702865,4.90019141129883,0.159246864648611
kodim05,gauss,method_2,1.1,7,25.809512559855,23.4566983540432,-9.11607377456401,0.872277366064175,0.801471567441676,-8.11734906546798,4.45431318800229,5.43858644952813,22.0970825351255
