name,type,method,sigma,filter_size,jpg_PSNR,PSNR,delta_PSNR,jpg_SSIM,SSIM,delta_SSIM,jpg_NIQE,NIQE,delta_NIQE
kodim01,gauss,method_2,2,7,26.1589663960723,21.8212318758214,-16.582209153731,0.814127189487225,0.517369025617395,-36.4510813177413,5.26153663626786,6.13248466901937,16.5531116280376
kodim02,gauss,method_2,2,7,30.1968195832686,28.3120502891173,-6.24161524346632,0.983046643443474,0.973322895027455,-0.989144155149936,5.84949480761276,5.93693344625486,1.49480667165159
kodim03,gauss,method_2,2,7,31.2347025857045,29.1990428718729,-6.51730141577634,0.959660928342066,0.946168629929731,-1.4059443303213,7.78056467874901,6.38040752860712,-17.9955724031975
kodim04,gauss,method_2,2,7,31.1946114909302,29.6444651591623,-4.96927596684009,0.95997698115759,0.950549035969937,-0.982101172497255,4.89240041702865,5.74956070027167,17.5202397632777
kodim05,gauss,method_2,2,7,25.809512559855,21.3219484895124,-17.3872484415793,0.872277366064175,0.686821534813797,-21.2611078156457,4.45431318800229,6.2685144221039,40.7290901544187
