name,type,method,sigma,filter_size,jpg_PSNR,PSNR,delta_PSNR,jpg_SSIM,SSIM,delta_SSIM,jpg_NIQE,NIQE,delta_NIQE
kodim01,gauss,method_2,3.5,5,26.1589663960723,21.8909885955401,-16.3155444902175,0.814127189487225,0.524907146808363,-35.5251668797631,5.26153663626786,5.52346767243039,4.97822317451971
kodim02,gauss,method_2,3.5,5,30.1968195832686,28.4605001510759,-5.7500076370782,0.983046643443474,0.974145559697846,-0.905458942868561,5.84949480761276,5.29686179639244,-9.44753400757094
kodim03,gauss,method_2,3.5,5,31.2347025857045,29.4290679809285,-5.78086056629348,0.959660928342066,0.947271446137626,-1.29102705325767,7.78056467874901,5.96731211529045,-23.3048967308385
kodim04,gauss,method_2,3.5,5,31.1946114909302,30.0156962818756,-3.77922709310653,0.95997698115759,0.953396006694161,-0.685534610995912,4.89240041702865,5.19152331162668,6.11403133637408
kodim05,gauss,method_2,3.5,5,25.809512559855,21.6937630985225,-15.9466377049456,0.872277366064175,0.709524305981901,-18.6584068799855,4.45431318800229,5.87769463641478,31.9551272740852
