name,type,method,sigma,filter_size,jpg_PSNR,PSNR,delta_PSNR,jpg_SSIM,SSIM,delta_SSIM,jpg_NIQE,NIQE,delta_NIQE
kodim01,gauss,method_2,5,3,26.1589663960723,24.3329599908456,-6.98042261142559,0.814127189487225,0.711996459133149,-12.5448126131744,5.26153663626786,5.06248428115008,-3.78316010850731
kodim02,gauss,method_2,5,3,30.1968195832686,29.8328007339686,-1.2054873802063,0.983046643443474,0.981359172737412,-0.171657236949695,5.84949480761276,5.01973759795924,-14.1851089186991
kodim03,gauss,method_2,5,3,31.2347025857045,30.881099899615,-1.13208276953893,0.959660928342066,0.958178079756773,-0.154517969993254,7.78056467874901,6.31414520246944,-18.8472114406398
kodim04,gauss,method_2,5,3,31.1946114909302,31.2981725031039,0.33198365751016,0.95997698115759,0.962290432171954,0.240990259117969,4.89240041702865,5.10279989456238,4.30053674268773
kodim05,gauss,method_2,5,3,25.809512559855,24.3385699994058,-5.69922642683743,0.872277366064175,0.834348200683986,-4.34829182274101,4.45431318800229,5.24171427319959,17.677272611144
