name,type,method,sigma,filter_size,jpg_PSNR,PSNR,delta_PSNR,jpg_SSIM,SSIM,delta_SSIM,jpg_NIQE,NIQE,delta_NIQE
kodim01,gauss,method_2,1.4,7,26.1589663960723,22.8149290250421,-12.7835225612441,0.814127189487225,0.603079622547611,-25.9231689673135,5.26153663626786,5.66847481880733,7.73420790676328
kodim02,gauss,method_2,1.4,7,30.1968195832686,28.9789219068788,-4.03319850632408,0.983046643443474,0.977158988452341,-0.598919189684588,5.84949480761276,5.21525763860401,-10.8425973501733
kodim03,gauss,method_2,1.4,7,31.2347025857045,29.9147672516064,-4.22586170134453,0.959660928342066,0.95191079876062,-0.807590405377338,7.78056467874901,6.09060126879157,-21.7203182511061
kodim04,gauss,method_2,1.4,7,31.1946114909302,30.392869457843,-2.570129887081,0.95997698115759,0.956665403982271,-0.344964227301136,4.89240041702865,5.06845456020025,3.59852277337751
kodim05,gauss,method_2,1.4,7,25.809512559855,22.4120741305855,-13.1635125668897,0.872277366064175,0.752046504042899,-13.7835586132164,4.45431318800229,5.84283434318808,31.1725084559787
