name,type,method,sigma,filter_size,jpg_PSNR,PSNR,delta_PSNR,jpg_SSIM,SSIM,delta_SSIM,jpg_NIQE,NIQE,delta_NIQE
kodim01,gauss,method_2,2.9,7,26.1589663960723,21.2631749385614,-18.715538616411,0.814127189487225,0.465079987099881,-42.8737925590214,5.26153663626786,5.95647928970459,13.2079789893789
kodim02,gauss,method_2,2.9,7,30.1968195832686,27.9029174208104,-7.59650252614396,0.983046643443474,0.970713705805869,-1.25456281447683,5.84949480761276,5.9116898232404,1.06325448048438
kodim03,gauss,method_2,2.9,7,31.2347025857045,28.7658140341888,-7.90431266230691,0.959660928342066,0.942337312250339,-1.80518093215019,7.78056467874901,6.14319790106121,-21.0443180577874
kodim04,gauss,method_2,2.9,7,31.1946114909302,29.169215090241,-6.49277648890756,0.95997698115759,0.946039612363432,-1.45184406165153,4.89240041702865,5.7640757122786,17.8169246371569
kodim05,gauss,method_2,2.9,7,25.809512559855,20.7348660968176,-19.6619229102786,0.872277366064175,0.645954694570297,-25.9461818337755,4.45431318800229,6.50062545278719,45.9400176506819
