name,type,method,sigma,filter_size,jpg_PSNR,PSNR,delta_PSNR,jpg_SSIM,SSIM,delta_SSIM,jpg_NIQE,NIQE,delta_NIQE
kodim01,gauss,method_2,2,3,26.1589663960723,24.475921463501,-6.43391220848826,0.814127189487225,0.720040647811261,-11.5567374349976,5.26153663626786,5.35124012083942,1.7048913800816
kodim02,gauss,method_2,2,3,30.1968195832686,29.8972977759031,-0.991898522755141,0.983046643443474,0.981641730605586,-0.14291415847436,5.84949480761276,5.11311081300108,-12.5888477352492
kodim03,gauss,method_2,2,3,31.2347025857045,30.9392263849188,-0.945986919436619,0.959660928342066,0.958598023406876,-0.110758383903965,7.78056467874901,6.33532429920625,-18.5750063037215
kodim04,gauss,method_2,2,3,31.1946114909302,31.335470470683,0.451549075370748,0.95997698115759,0.962511668878532,0.264036301983651,4.89240041702865,5.11282771495638,4.50550402948425
kodim05,gauss,method_2,2,3,25.809512559855,24.4649892223624,-5.20941003583254,0.872277366064175,0.838422133108199,-3.88124629539972,4.45431318800229,5.25924854597989,18.0709196682823
