name,type,method,sigma,filter_size,jpg_PSNR,PSNR,delta_PSNR,jpg_SSIM,SSIM,delta_SSIM,jpg_NIQE,NIQE,delta_NIQE
kodim01,gauss,method_2,4.4,5,26.1589663960723,21.8060408837066,-16.6402809899219,0.814127189487225,0.517126999761111,-36.4808095788053,5.26153663626786,5.46128355418884,3.79636086811827
kodim02,gauss,method_2,4.4,5,30.1968195832686,28.4062390931249,-5.92969893801592,0.983046643443474,0.973814838820013,-0.939101382933709,5.84949480761276,5.30370321780302,-9.33057653285587
kodim03,gauss,method_2,4.4,5,31.2347025857045,29.3749005154222,-5.95428134837915,0.959660928342066,0.946773817017817,-1.34288173495949,7.78056467874901,5.97759254505248,-23.1727671208875
kodim04,gauss,method_2,4.4,5,31.1946114909302,29.9646295016097,-3.94293094394865,0.95997698115759,0.952947587306872,-0.73224608388435,4.89240041702865,5.1715680127516,5.70614773785196
kodim05,gauss,method_2,4.4,5,25.809512559855,21.6170533425058,-16.2438527563295,0.872277366064175,0.704641445505736,-19.2181898877914,4.45431318800229,5.86896427471592,31.7591293428581
