name,type,method,sigma,filter_size,jpg_PSNR,PSNR,delta_PSNR,jpg_SSIM,SSIM,delta_SSIM,jpg_NIQE,NIQE,delta_NIQE
kodim01,gauss,method_2,2.3,7,26.1589663960723,21.5643899716792,-17.5640595076528,0.814127189487225,0.49355845652472,-39.3757556684004,5.26153663626786,6.19144769313641,17.673754288028
kodim02,gauss,method_2,2.3,7,30.1968195832686,28.1260259871358,-6.85765462956301,0.983046643443474,0.972161568476187,-1.10727960263997,5.84949480761276,6.08503140632749,4.02661437374379
kodim03,gauss,method_2,2.3,7,31.2347025857045,29.0002646806241,-7.15370315740773,0.959660928342066,0.944443809012536,-1.58567665725636,7.78056467874901,6.33750848238145,-18.5469340073602
kodim04,gauss,method_2,2.3,7,31.1946114909302,29.4286512005973,-5.66110685765809,0.95997698115759,0.948564876439724,-1.18878941285705,4.89240041702865,5.90221136843585,20.6403986863466
kodim05,gauss,method_2,2.3,7,25.809512559855,21.0488361679006,-18.4454331747409,0.872277366064175,0.668296528402093,-23.3848596327186,4.45431318800229,6.41317757716743,43.9767997104773
