name,type,method,sigma,filter_size,jpg_PSNR,PSNR,delta_PSNR,jpg_SSIM,SSIM,delta_SSIM,jpg_NIQE,NIQE,delta_NIQE
kodim01,gauss,method_2,2.6,5,26.1589663960723,22.0794181541426,-15.5952195517258,0.814127189487225,0.54188074651372,-33.4402838388162,5.26153663626786,5.62601599412455,6.92724166062681
kodim02,gauss,method_2,2.6,5,30.1968195832686,28.5792070911766,-5.35689689979227,0.983046643443474,0.974860824443982,-0.832698942017476,5.84949480761276,5.27983591066025,-9.73859992509312
kodim03,gauss,method_2,2.6,5,31.2347025857045,29.5471539941986,-5.40280025678326,0.959660928342066,0.948338663143135,-1.17981933665796,7.78056467874901,5.98519543636114,-23.0750506745551
kodim04,gauss,method_2,2.6,5,31.1946114909302,30.1256707314284,-3.4266839957683,0.95997698115759,0.95433217132656,-0.58801512346915,4.89240041702865,5.14170524865979,5.09575689600959
kodim05,gauss,method_2,2.6,5,25.809512559855,21.8661922097936,-15.2785541412935,0.872277366064175,0.72026096292905,-17.4275303990796,4.45431318800229,5.86971516378312,31.7759869151821
