name,type,method,sigma,filter_size,jpg_PSNR,PSNR,delta_PSNR,jpg_SSIM,SSIM,delta_SSIM,jpg_NIQE,NIQE,delta_NIQE
kodim01,gauss,method_2,0.7,3,26.1589663960723,25.6779862472922,-1.83868177930863,0.814127189487225,0.77961395227414,-4.23929303169735,5.26153663626786,5.09851105183204,-3.09844054514561
kodim02,gauss,method_2,0.7,3,30.1968195832686,30.3320972059356,0.447986326156069,0.983046643443474,0.983450790748605,0.0411117120257154,5.84949480761276,4.9037855784155,-16.1673659059662
kodim03,gauss,method_2,0.7,3,31.2347025857045,31.3479484551172,0.362564263584547,0.959660928342066,0.961169986838611,0.157249133728121,7.78056467874901,6.03502697559521,-22.434588943414
kodim04,gauss,method_2,0.7,3,31.1946114909302,31.550070665455,1.13948902562267,0.95997698115759,0.963435828716689,0.360305260124977,4.89240041702865,4.54333668162155,-7.13481533915624
kodim05,gauss,method_2,0.7,3,25.809512559855,25.5559604465053,-0.982397915348758,0.872277366064175,0.86779086474615,-0.514343429346201,4.45431318800229,4.46465380542777,0.232148414110917
