name,type,method,sigma,filter_size,jpg_PSNR,PSNR,delta_PSNR,jpg_SSIM,SSIM,delta_SSIM,jpg_NIQE,NIQE,delta_NIQE
kodim01,gauss,method_2,1.7,3,26.1589663960723,24.5421178201661,-6.18085803324744,0.814127189487225,0.723676268171908,-11.110170804182,5.26153663626786,5.48064844722567,4.16440720848487
kodim02,gauss,method_2,1.7,3,30.1968195832686,29.924804881415,-0.900805798781194,0.983046643443474,0.981763622414119,-0.130514766304515,5.84949480761276,5.14262304162297,-12.0843216250031
kodim03,gauss,method_2,1.7,3,31.2347025857045,30.9644407688236,-0.865261374394129,0.959660928342066,0.958774972681319,-0.0923196552637544,7.78056467874901,6.37223973005498,-18.1005493411111
kodim04,gauss,method_2,1.7,3,31.1946114909302,31.3520792492373,0.504791535399818,0.95997698115759,0.962606131705293,0.273876415717066,4.89240041702865,5.12858840246684,4.82765034145815
kodim05,gauss,method_2,1.7,3,25.809512559855,24.5239692477476,-4.98088954266782,0.872277366064175,0.840279391508466,-3.66832567261123,4.45431318800229,5.26551502341407,18.211603027752
