name,type,method,sigma,filter_size,jpg_PSNR,PSNR,delta_PSNR,jpg_SSIM,SSIM,delta_SSIM,jpg_NIQE,NIQE,delta_NIQE
kodim01,gauss,method_2,2.3,5,26.1589663960723,22.1963726421971,-15.148128155668,0.814127189487225,0.552219700331954,-32.1703405238477,5.26153663626786,5.71357089255903,8.59129732510639
kodim02,gauss,method_2,2.3,5,30.1968195832686,28.6515029113371,-5.11748155354635,0.983046643443474,0.975286328071718,-0.789414767194811,5.84949480761276,5.24188082762311,-10.3874607974499
kodim03,gauss,method_2,2.3,5,31.2347025857045,29.6195254031236,-5.17109832612971,0.959660928342066,0.948991939201014,-1.11174570371258,7.78056467874901,6.01311794947476,-22.7161755251732
kodim04,gauss,method_2,2.3,5,31.1946114909302,30.1931387466818,-3.21040300354313,0.95997698115759,0.9548908339173,-0.529819708193034,4.89240041702865,5.13481479334127,4.95491692521439
kodim05,gauss,method_2,2.3,5,25.809512559855,21.9745025144362,-14.858901486516,0.872277366064175,0.726788948563592,-16.679146239578,4.45431318800229,5.88057062314754,32.0196936081389
