name,type,method,sigma,filter_size,jpg_PSNR,PSNR,delta_PSNR,jpg_SSIM,SSIM,delta_SSIM,jpg_NIQE,NIQE,delta_NIQE
kodim01,gauss,method_2,3.8,7,26.1589663960723,21.0479116853492,-19.5384428931048,0.814127189487225,0.444534340611647,-45.3974334290892,5.26153663626786,5.43094011373833,3.21965785247544
kodim02,gauss,method_2,3.8,7,30.1968195832686,27.7394031046018,-8.13799768512163,0.983046643443474,0.969620840760702,-1.36573404449491,5.84949480761276,5.59151150161092,-4.41035191049472
kodim03,gauss,method_2,3.8,7,31.2347025857045,28.5926536894895,-8.45869714611673,0.959660928342066,0.940709960987146,-1.97475658279218,7.78056467874901,5.8290900470445,-25.0814010586475
kodim04,gauss,method_2,3.8,7,31.1946114909302,28.9779884436231,-7.10578827997761,0.95997698115759,0.944101539037633,-1.65373154060556,4.89240041702865,5.47179492221528,11.8427449881241
kodim05,gauss,method_2,3.8,7,25.809512559855,20.5153270800061,-20.512535707798,0.872277366064175,0.629742299432459,-27.8048102664941,4.45431318800229,6.37420231892413,43.1017993097806
