name,type,method,sigma,filter_size,jpg_PSNR,PSNR,delta_PSNR,jpg_SSIM,SSIM,delta_SSIM,jpg_NIQE,NIQE,delta_NIQE
kodim01,gauss,method_2,3.8,3,26.1589663960723,24.3523308477278,-6.90637206757435,0.814127189487225,0.713124650409131,-12.4062358292824,5.26153663626786,5.10185672336523,-3.03485319862554
kodim02,gauss,method_2,3.8,3,30.1968195832686,29.8419073134655,-1.17532996752976,0.983046643443474,0.98139966916339,-0.167537755310807,5.84949480761276,5.02287036742025,-14.1315526789887
kodim03,gauss,method_2,3.8,3,31.2347025857045,30.8894583751441,-1.10532254825572,0.959660928342066,0.958242768258773,-0.147777203531961,7.78056467874901,6.32270799090264,-18.7371578804325
kodim04,gauss,method_2,3.8,3,31.1946114909302,31.3036616897359,0.349580243489945,0.95997698115759,0.962324624815799,0.244552078256979,4.89240041702865,5.09721092883489,4.18629904235475
kodim05,gauss,method_2,3.8,3,25.809512559855,24.3561223654239,-5.63121907498455,0.872277366064175,0.834939124609605,-4.28054686584899,4.45431318800229,5.24813250274364,17.8213628282695
