name,type,method,sigma,filter_size,jpg_PSNR,PSNR,delta_PSNR,jpg_SSIM,SSIM,delta_SSIM,jpg_NIQE,NIQE,delta_NIQE
kodim01,gauss,method_2,4.7,3,26.1589663960723,24.3363459076443,-6.96747899298363,0.814127189487225,0.712206253727761,-12.5190433479636,5.26153663626786,5.06943698426494,-3.65101804440121
kodim02,gauss,method_2,4.7,3,30.1968195832686,29.8346003948297,-1.19952761064793,0.983046643443474,0.981367404825144,-0.170819831340595,5.84949480761276,5.02714803091072,-14.05842391093
kodim03,gauss,method_2,4.7,3,31.2347025857045,30.8827352360049,-1.1268471301557,0.959660928342066,0.958191222762253,-0.153148423198963,7.78056467874901,6.31265190545019,-18.8664040967119
kodim04,gauss,method_2,4.7,3,31.1946114909302,31.2994330145203,0.33602445608464,0.95997698115759,0.962298029308984,0.241781646534418,4.89240041702865,5.10239425575897,4.29224554064301
kodim05,gauss,method_2,4.7,3,25.809512559855,24.3417506194929,-5.68690298570401,0.872277366064175,0.834462023453899,-4.33524290340164,4.45431318800229,5.24627057137237,17.7795621893678
