name,type,method,sigma,filter_size,jpg_PSNR,PSNR,delta_PSNR,jpg_SSIM,SSIM,delta_SSIM,jpg_NIQE,NIQE,delta_NIQE
kodim01,gauss,method_2,1.7,7,26.1589663960723,22.2097285915564,-15.0970712860767,0.814127189487225,0.55222038935843,-32.1702558900847,5.26153663626786,6.06039023985678,15.1828953937602
kodim02,gauss,method_2,1.7,7,30.1968195832686,28.5833166908626,-5.34328752058383,0.983046643443474,0.974942579858067,-0.824382407432774,5.84949480761276,5.66069156930899,-3.22768451829463
kodim03,gauss,method_2,1.7,7,31.2347025857045,29.4895498429236,-5.58722381937979,0.959660928342066,0.948580689279468,-1.15459937310774,7.78056467874901,6.28979461936725,-19.1601782252834
kodim04,gauss,method_2,1.7,7,31.1946114909302,29.9547106610797,-3.97472759104893,0.95997698115759,0.953233195358171,-0.702494531825837,4.89240041702865,5.41304886667468,10.6419835922226
kodim05,gauss,method_2,1.7,7,25.809512559855,21.7430707038188,-15.7555933945116,0.872277366064175,0.713715876442289,-18.1778750418958,4.45431318800229,6.07242478491284,36.326848351592
