name,type,method,sigma,filter_size,jpg_PSNR,PSNR,delta_PSNR,jpg_SSIM,SSIM,delta_SSIM,jpg_NIQE,NIQE,delta_NIQE
kodim01,gauss,method_2,2.3,3,26.1589663960723,24.4342611211506,-6.5931705741271,0.814127189487225,0.717738768426103,-11.8394794211248,5.26153663626786,5.27470757535591,0.250324952548365
kodim02,gauss,method_2,2.3,3,30.1968195832686,29.878635078972,-1.05370204110143,0.983046643443474,0.981560000898626,-0.151228078012672,5.84949480761276,5.07378350577045,-13.2611674572779
kodim03,gauss,method_2,2.3,3,31.2347025857045,30.9233240436106,-0.996899334128623,0.959660928342066,0.958488122469269,-0.122210443101289,7.78056467874901,6.32953771402051,-18.6493786073352
kodim04,gauss,method_2,2.3,3,31.1946114909302,31.3251703105802,0.418530039035728,0.95997698115759,0.962455119723865,0.258145623792672,4.89240041702865,5.12174053503758,4.68768086133502
kodim05,gauss,method_2,2.3,3,25.809512559855,24.4280256334546,-5.35262695564895,0.872277366064175,0.837258819526859,-4.01461139537811,4.45431318800229,5.25815465249906,18.0463615953616
