name,type,method,sigma,filter_size,jpg_PSNR,PSNR,delta_PSNR,jpg_SSIM,SSIM,delta_SSIM,jpg_NIQE,NIQE,delta_NIQE
kodim01,gauss,method_2,4.4,3,26.1589663960723,24.3406557257121,-6.95100350231415,0.814127189487225,0.712470368652561,-12.4866018660662,5.26153663626786,5.08494780040844,-3.35622172888024
kodim02,gauss,method_2,4.4,3,30.1968195832686,29.8367729286209,-1.19233303247322,0.983046643443474,0.98137668907285,-0.169875395207467,5.84949480761276,5.02256520452638,-14.1367695892332
kodim03,gauss,method_2,4.4,3,31.2347025857045,30.8848278458164,-1.12014749917374,0.959660928342066,0.958208641546019,-0.151333325464817,7.78056467874901,6.31879888375007,-18.7873998270517
kodim04,gauss,method_2,4.4,3,31.1946114909302,31.300611832434,0.339803371279716,0.95997698115759,0.962305141466259,0.242522514015021,4.89240041702865,5.11144380726325,4.47721714420971
kodim05,gauss,method_2,4.4,3,25.809512559855,24.3459116954893,-5.67078072850656,0.872277366064175,0.834602942704186,-4.31908757761092,4.45431318800229,5.2508975344003,17.8834382042021
