name,type,method,sigma,filter_size,jpg_PSNR,PSNR,delta_PSNR,jpg_SSIM,SSIM,delta_SSIM,jpg_NIQE,NIQE,delta_NIQE
kodim01,gauss,method_2,4.1,5,26.1589663960723,21.8285069411222,-16.5543981722468,0.814127189487225,0.519175466830948,-36.2291944630975,5.26153663626786,5.45780819431653,3.73030868388837
kodim02,gauss,method_2,4.1,5,30.1968195832686,28.4203038542812,-5.88312197610265,0.983046643443474,0.973900805947172,-0.930356413635157,5.84949480761276,5.28923438484949,-9.57792837142322
kodim03,gauss,method_2,4.1,5,31.2347025857045,29.3890042377891,-5.90912733313539,0.959660928342066,0.946904614069425,-1.32925222814668,7.78056467874901,5.97205118981461,-23.243987597378
kodim04,gauss,method_2,4.1,5,31.1946114909302,29.9781372484209,-3.89962940510717,0.95997698115759,0.953071807646843,-0.719306154864219,4.89240041702865,5.18294592486864,5.93871071608732
kodim05,gauss,method_2,4.1,5,25.809512559855,21.6371120268538,-16.1661345727663,0.872277366064175,0.705927124870062,-19.070796476665,4.45431318800229,5.87270100820393,31.8430195708302
