name,type,method,sigma,filter_size,jpg_PSNR,PSNR,delta_PSNR,jpg_SSIM,SSIM,delta_SSIM,jpg_NIQE,NIQE,delta_NIQE
kodim01,gauss,method_2,3.2,3,26.1589663960723,24.3713890927345,-6.83351657046418,0.814127189487225,0.714229193940301,-12.2705637198831,5.26153663626786,5.13842253403872,-2.33988871959025
kodim02,gauss,method_2,3.2,3,30.1968195832686,29.8514539145939,-1.14371537612527,0.983046643443474,0.981441628341148,-0.163269475871878,5.84949480761276,5.03828596174246,-13.8680154876718
kodim03,gauss,method_2,3.2,3,31.2347025857045,30.8978704186899,-1.07839082536621,0.959660928342066,0.958301576576057,-0.141649172729869,7.78056467874901,6.30680796655842,-18.9415135409883
kodim04,gauss,method_2,3.2,3,31.1946114909302,31.3093911280327,0.367946999871613,0.95997698115759,0.962362800129236,0.248528768759582,4.89240041702865,5.09591235721281,4.15975641478161
kodim05,gauss,method_2,3.2,3,25.809512559855,24.3732648398909,-5.56479986452023,0.872277366064175,0.835499564796702,-4.21629663892563,4.45431318800229,5.24965586087623,17.8555624471175
