name,type,method,sigma,filter_size,jpg_PSNR,PSNR,delta_PSNR,jpg_SSIM,SSIM,delta_SSIM,jpg_NIQE,NIQE,delta_NIQE
kodim01,gauss,method_2,1.4,3,26.1589663960723,24.6568227693343,-5.74236613172742,0.814127189487225,0.729849119615765,-10.3519537192392,5.26153663626786,5.62971714509758,6.99758519767493
kodim02,gauss,method_2,1.4,3,30.1968195832686,29.9730060856015,-0.74118235216752,0.983046643443474,0.981971070515696,-0.109412196761095,5.84949480761276,5.18669303554736,-11.3309233338031
kodim03,gauss,method_2,1.4,3,31.2347025857045,31.0092890227502,-0.721676674640406,0.959660928342066,0.959095063972474,-0.0589650315939757,7.78056467874901,6.40819935144361,-17.6383769555149
kodim04,gauss,method_2,1.4,3,31.1946114909302,31.3795699646132,0.592918022834917,0.95997698115759,0.962760782494612,0.289986259218954,4.89240041702865,5.16878803014191,5.64932527090898
kodim05,gauss,method_2,1.4,3,25.809512559855,24.6262981982201,-4.58441188647365,0.872277366064175,0.843413360703382,-3.30903981734973,4.45431318800229,5.27976179925975,18.5314452850063
