name,type,method,sigma,filter_size,jpg_PSNR,PSNR,delta_PSNR,jpg_SSIM,SSIM,delta_SSIM,jpg_NIQE,NIQE,delta_NIQE
kodim01,gauss,method_2,1.7,5,26.1589663960723,22.6381958377828,-13.4591348334698,0.814127189487225,0.589745111682278,-27.5610593408965,5.26153663626786,5.74018945662082,9.09720588190155
kodim02,gauss,method_2,1.7,5,30.1968195832686,28.9176754280339,-4.23602277619806,0.983046643443474,0.976797939563459,-0.635646733722305,5.84949480761276,5.18684130205573,-11.3283886446848
kodim03,gauss,method_2,1.7,5,31.2347025857045,29.8884020600071,-4.31027163458116,0.959660928342066,0.951268031155359,-0.874569021081864,7.78056467874901,6.00223487253028,-22.8560506806898
kodim04,gauss,method_2,1.7,5,31.1946114909302,30.4391036387023,-2.42191781246439,0.95997698115759,0.956840750160506,-0.32669856242819,4.89240041702865,5.07537376824422,3.73995044597547
kodim05,gauss,method_2,1.7,5,25.809512559855,22.393388398723,-13.2359111905336,0.872277366064175,0.75061022209669,-13.948217470833,4.45431318800229,5.90176838836073,32.495586620563
