name,type,method,sigma,filter_size,jpg_PSNR,PSNR,delta_PSNR,jpg_SSIM,SSIM,delta_SSIM,jpg_NIQE,NIQE,delta_NIQE
kodim01,gauss,method_2,3.2,7,26.1589663960723,21.1710715565613,-19.0676296761475,0.814127189487225,0.456330564314993,-43.9484922985545,5.26153663626786,5.78244421306599,9.90029363679619
kodim02,gauss,method_2,3.2,7,30.1968195832686,27.8341844779624,-7.82411902283647,0.983046643443474,0.970256024337323,-1.30112026641456,5.84949480761276,5.76124249859597,-1.5087167681887
kodim03,gauss,method_2,3.2,7,31.2347025857045,28.6914979090101,-8.14224073277514,0.959660928342066,0.941640033392686,-1.87783980957866,7.78056467874901,5.95294714071968,-23.4895231064795
kodim04,gauss,method_2,3.2,7,31.1946114909302,29.0876632601103,-6.75420571092069,0.95997698115759,0.945236693803005,-1.53548341719717,4.89240041702865,5.70570447401398,16.623824455466
kodim05,gauss,method_2,3.2,7,25.809512559855,20.6403181141664,-20.0282528920325,0.872277366064175,0.639028998740059,-26.7401604579701,4.45431318800229,6.48741502733063,45.6434416152981
