name,type,method,sigma,filter_size,jpg_PSNR,PSNR,delta_PSNR,jpg_SSIM,SSIM,delta_SSIM,jpg_NIQE,NIQE,delta_NIQE
kodim01,gauss,method_2,3.5,3,26.1589663960723,24.3608282847895,-6.87388822653472,0.814127189487225,0.713617301301759,-12.3457230618685,5.26153663626786,5.12534029226156,-2.58852790394918
kodim02,gauss,method_2,3.5,3,30.1968195832686,29.8462819353992,-1.160842938783,0.983046643443474,0.981419063626059,-0.165564861878165,5.84949480761276,5.02859171971595,-14.0337433384581
kodim03,gauss,method_2,3.5,3,31.2347025857045,30.8931912090795,-1.09337162948145,0.959660928342066,0.958268661456259,-0.145079042470917,7.78056467874901,6.31755578368257,-18.8033768173966
kodim04,gauss,method_2,3.5,3,31.1946114909302,31.3064568287764,0.358540569991411,0.95997698115759,0.962344013337047,0.24657176431488,4.89240041702865,5.0981738728771,4.20598148778307
kodim05,gauss,method_2,3.5,3,25.809512559855,24.3635724026477,-5.60235360452469,0.872277366064175,0.83518589550336,-4.25225645005292,4.45431318800229,5.24436087128499,17.7366891356157
