name,type,method,sigma,filter_size,jpg_PSNR,PSNR,delta_PSNR,jpg_SSIM,SSIM,delta_SSIM,jpg_NIQE,NIQE,delta_NIQE
kodim01,gauss,method_2,0.4,3,26.1589663960723,26.3531518695327,0.742328540510027,0.814127189487225,0.815254660402436,0.13848830130839,5.26153663626786,4.96530236209785,-5.63018552656384
kodim02,gauss,method_2,0.4,3,30.1968195832686,30.3327180485086,0.450042312784805,0.983046643443474,0.983515468459266,0.0476910245225136,5.84949480761276,5.45871106200931,-6.68064095201636
kodim03,gauss,method_2,0.4,3,31.2347025857045,31.3599839442354,0.401096691050791,0.959660928342066,0.960479017457759,0.0852477256843606,7.78056467874901,7.29897727937212,-6.18962015304939
kodim04,gauss,method_2,0.4,3,31.1946114909302,31.3377420491431,0.458831033220296,0.95997698115759,0.961015076463098,0.108137520574308,4.89240041702865,4.40193613603332,-10.0250232848522
kodim05,gauss,method_2,0.4,3,25.809512559855,26.0788100776115,1.04340412137566,0.872277366064175,0.877027052688883,0.544515633386067,4.45431318800229,3.96460619410928,-10.993995554961
