name,type,method,sigma,filter_size,jpg_PSNR,PSNR,delta_PSNR,jpg_SSIM,SSIM,delta_SSIM,jpg_NIQE,NIQE,delta_NIQE
kodim01,gauss,method_2,2.6,7,26.1589663960723,21.3884549012078,-18.2366207541778,0.814127189487225,0.476976153267884,-41.4125754025847,5.26153663626786,6.09166978302491,15.7773898414949
kodim02,gauss,method_2,2.6,7,30.1968195832686,27.9962145238547,-7.28753918387229,0.983046643443474,0.971329130627382,-1.19195898732198,5.84949480761276,6.07775614982354,3.90224027404405
kodim03,gauss,method_2,2.6,7,31.2347025857045,28.8631354904374,-7.5927314779446,0.959660928342066,0.943218829804142,-1.71332374303597,7.78056467874901,6.39932987556283,-17.7523722276705
kodim04,gauss,method_2,2.6,7,31.1946114909302,29.2771736897885,-6.14669556535181,0.95997698115759,0.947114023403271,-1.33992356137617,4.89240041702865,5.99844630681939,22.6074277555245
kodim05,gauss,method_2,2.6,7,25.809512559855,20.8641196999818,-19.1611245985537,0.872277366064175,0.655281497071559,-24.8769344975358,4.45431318800229,6.48329486774416,45.5509434138341
