name,type,method,sigma,filter_size,jpg_PSNR,PSNR,delta_PSNR,jpg_SSIM,SSIM,delta_SSIM,jpg_NIQE,NIQE,delta_NIQE
kodim01,gauss,method_2,3.8,5,26.1589663960723,21.8558435834664,-16.4498961749957,0.814127189487225,0.521687368085371,-35.9206552954025,5.26153663626786,5.48442267703419,4.23613967125068
kodim02,gauss,method_2,3.8,5,30.1968195832686,28.4377982835905,-5.8251873010253,0.983046643443474,0.97400847581408,-0.919403742403744,5.84949480761276,5.29895126372889,-9.41181353246731
kodim03,gauss,method_2,3.8,5,31.2347025857045,29.4071846581958,-5.85092149507174,0.959660928342066,0.947074893861371,-1.3115084827345,7.78056467874901,5.95738441059667,-23.4324929285913
kodim04,gauss,method_2,3.8,5,31.1946114909302,29.9948256122579,-3.84613181998145,0.95997698115759,0.953218919490771,-0.703981637004361,4.89240041702865,5.19855322965489,6.25772190601221
kodim05,gauss,method_2,3.8,5,25.809512559855,21.662076825704,-16.0694074501897,0.872277366064175,0.707509855263911,-18.8893484126174,4.45431318800229,5.88818785202871,32.1907015404433
