name,type,method,sigma,filter_size,jpg_PSNR,PSNR,delta_PSNR,jpg_SSIM,SSIM,delta_SSIM,jpg_NIQE,NIQE,delta_NIQE
kodim01,gauss,method_2,4.1,7,26.1589663960723,21.0053865825152,-19.7010070486993,0.814127189487225,0.440468263428845,-45.8968734717885,5.26153663626786,5.33178479931451,1.33512636902373
kodim02,gauss,method_2,4.1,7,30.1968195832686,27.7075901590281,-8.24334965931209,0.983046643443474,0.969402661696473,-1.38792821663152,5.84949480761276,5.52145855458686,-5.60794160546947
kodim03,gauss,method_2,4.1,7,31.2347025857045,28.5585498030245,-8.56788303117983,0.959660928342066,0.940382060922011,-2.00892490781732,7.78056467874901,5.80342408534112,-25.4112737962071
kodim04,gauss,method_2,4.1,7,31.1946114909302,28.9400711029185,-7.22733921102764,0.95997698115759,0.943708332782724,-1.6946915076285,4.89240041702865,5.41940165033646,10.7718336273848
kodim05,gauss,method_2,4.1,7,25.809512559855,20.4728600060442,-20.6770761029853,0.872277366064175,0.626568997299213,-28.1686053455255,4.45431318800229,6.33934713035387,42.319295091978
