name,type,method,sigma,filter_size,jpg_PSNR,PSNR,delta_PSNR,jpg_SSIM,SSIM,delta_SSIM,jpg_NIQE,NIQE,delta_NIQE
kodim01,gauss,method_2,1.1,3,26.1589663960723,24.8793021690554,-4.89187610718821,0.814127189487225,0.741516525430782,-8.91883540975661,5.26153663626786,5.75370934309853,9.35416287778207
kodim02,gauss,method_2,1.1,3,30.1968195832686,30.0597681998785,-0.453860324635017,0.983046643443474,0.982338329428524,-0.0720529406894631,5.84949480761276,5.20633793802523,-10.9950840327356
kodim03,gauss,method_2,1.1,3,31.2347025857045,31.0872417790886,-0.472105685051112,0.959660928342066,0.959596590409605,-0.00670423589832201,7.78056467874901,6.15912250444403,-20.8396464942141
kodim04,gauss,method_2,1.1,3,31.1946114909302,31.4255348276448,0.740266750178031,0.95997698115759,0.96297816920272,0.312631250960953,4.89240041702865,5.01005542809936,2.40485244546201
kodim05,gauss,method_2,1.1,3,25.809512559855,24.8258766133063,-3.81113724742978,0.872277366064175,0.849249975497908,-2.63991609345193,4.45431318800229,5.22805225647409,17.3705582839542
