name,type,method,sigma,filter_size,jpg_PSNR,PSNR,delta_PSNR,jpg_SSIM,SSIM,delta_SSIM,jpg_NIQE,NIQE,delta_NIQE
kodim01,gauss,method_2,0.7,5,26.1589663960723,25.5448870620055,-2.34749081737022,0.814127189487225,0.773283873273091,-5.0168225237458,5.26153663626786,4.96510135397604,-5.63400585768965
kodim02,gauss,method_2,0.7,5,30.1968195832686,30.2893047505128,0.306274529969055,0.983046643443474,0.983278657190811,0.0236014993677784,5.84949480761276,4.82350791051421,-17.5397522494299
kodim03,gauss,method_2,0.7,5,31.2347025857045,31.294744456426,0.192228085273734,0.959660928342066,0.960904858363566,0.129621826289169,7.78056467874901,5.99538406570802,-22.9441009328904
kodim04,gauss,method_2,0.7,5,31.1946114909302,31.521793948057,1.04884286576861,0.95997698115759,0.963361765933983,0.352590201935067,4.89240041702865,4.48424533737831,-8.3426343892398
kodim05,gauss,method_2,0.7,5,25.809512559855,25.3909633502053,-1.62168583648758,0.872277366064175,0.863897666433003,-0.960669158364379,4.45431318800229,4.46699343489528,0.284673447011882
