name,type,method,sigma,filter_size,jpg_PSNR,PSNR,delta_PSNR,jpg_SSIM,SSIM,delta_SSIM,jpg_NIQE,NIQE,delta_NIQE
kodim01,gauss,method_2,3.5,7,26.1589663960723,21.1014933920763,-19.3336117621044,0.814127189487225,0.449665552522563,-44.7671618969288,5.26153663626786,5.57998705607981,6.05242235921851
kodim02,gauss,method_2,3.5,7,30.1968195832686,27.7809310523385,-8.00047344147686,0.983046643443474,0.969900307642246,-1.33730539531447,5.84949480761276,5.6393765436626,-3.5920753990019
kodim03,gauss,method_2,3.5,7,31.2347025857045,28.6361724925874,-8.31936877256025,0.959660928342066,0.941127413169442,-1.93125661629705,7.78056467874901,5.83101627918964,-25.0566440875962
kodim04,gauss,method_2,3.5,7,31.1946114909302,29.0261178218551,-6.95150080553364,0.95997698115759,0.944599681672723,-1.6018404385409,4.89240041702865,5.58584914093982,14.1739977271182
kodim05,gauss,method_2,3.5,7,25.809512559855,20.5696819433112,-20.3019355921276,0.872277366064175,0.633809868508234,-27.3384942489034,4.45431318800229,6.44312952243936,44.6492253798847
