name,type,method,sigma,filter_size,jpg_PSNR,PSNR,delta_PSNR,jpg_SSIM,SSIM,delta_SSIM,jpg_NIQE,NIQE,delta_NIQE
kodim01,gauss,method_2,5,7,26.1589663960723,20.9213505697263,-20.0222583226087,0.814127189487225,0.432408483310789,-46.8868637610371,5.26153663626786,5.09607529500448,-3.14473418512098
kodim02,gauss,method_2,5,7,30.1968195832686,27.6428717735451,-8.45767151961432,0.983046643443474,0.968958650797703,-1.43309503569665,5.84949480761276,5.36454711013285,-8.29042017182022
kodim03,gauss,method_2,5,7,31.2347025857045,28.4909575459136,-8.7842841860346,0.959660928342066,0.939739536352676,-2.0758781983347,7.78056467874901,5.72558133813615,-26.4117506307173
kodim04,gauss,method_2,5,7,31.1946114909302,28.8647126520835,-7.46891442941703,0.95997698115759,0.942909552359802,-1.77789979684797,4.89240041702865,5.30888794244868,8.51294844899407
kodim05,gauss,method_2,5,7,25.809512559855,20.3885751864704,-21.0036410444129,0.872277366064175,0.620222053074387,-28.896234477239,4.45431318800229,6.24107907969208,40.1131625971532
