name,type,method,sigma,filter_size,jpg_PSNR,PSNR,delta_PSNR,jpg_SSIM,SSIM,delta_SSIM,jpg_NIQE,NIQE,delta_NIQE
kodim01,gauss,method_2,0.7,7,26.1589663960723,25.544214389748,-2.35006229610282,0.814127189487225,0.773245099373085,-5.02158515795173,5.26153663626786,4.96619790052715,-5.61316505343577
kodim02,gauss,method_2,0.7,7,30.1968195832686,30.2890524197078,0.305438909501435,0.983046643443474,0.983277843005693,0.0235186767343098,5.84949480761276,4.82239468907575,-17.5587833192073
kodim03,gauss,method_2,0.7,7,31.2347025857045,31.2944409118502,0.191256266909529,0.959660928342066,0.960904292245836,0.129562834856504,7.78056467874901,5.99715252100888,-22.921371794661
kodim04,gauss,method_2,0.7,7,31.1946114909302,31.5213798098796,1.04751527052824,0.95997698115759,0.96335989810332,0.35239563157552,4.89240041702865,4.48374410510311,-8.35287950886353
kodim05,gauss,method_2,0.7,7,25.809512559855,25.3900040514636,-1.62540267825091,0.872277366064175,0.863875611814134,-0.963197553543161,4.45431318800229,4.46142460186132,0.15965230909635
