name,type,method,sigma,filter_size,jpg_PSNR,PSNR,delta_PSNR,jpg_SSIM,SSIM,delta_SSIM,jpg_NIQE,NIQE,delta_NIQE
kodim01,gauss,method_2,3.2,5,26.1589663960723,21.9361910763914,-16.1427453047796,0.814127189487225,0.529005766107691,-35.0217296586197,5.26153663626786,5.54671025185653,5.41996825837853
kodim02,gauss,method_2,3.2,5,30.1968195832686,28.4887639560706,-5.65640902177767,0.983046643443474,0.974317708977161,-0.887947130945503,5.84949480761276,5.28534414588166,-9.64443392610398
kodim03,gauss,method_2,3.2,5,31.2347025857045,29.457606014687,-5.68949413282035,0.959660928342066,0.947531250864712,-1.26395449883627,7.78056467874901,5.96773297014574,-23.2994876779912
kodim04,gauss,method_2,3.2,5,31.1946114909302,30.0430949336682,-3.69139573223027,0.95997698115759,0.95363239216028,-0.660910534506727,4.89240041702865,5.17771298953153,5.83175022857515
kodim05,gauss,method_2,3.2,5,25.809512559855,21.7350097439126,-15.7868259096068,0.872277366064175,0.712116675059081,-18.361211380247,4.45431318800229,5.86206807730072,31.604308675246
