name,type,method,sigma,filter_size,jpg_PSNR,PSNR,delta_PSNR,jpg_SSIM,SSIM,delta_SSIM,jpg_NIQE,NIQE,delta_NIQE
kodim01,gauss,method_2,2,5,26.1589663960723,22.3692802479805,-14.4871402436635,0.814127189487225,0.567185187921761,-30.3321157620346,5.26153663626786,5.75177423441854,9.31738448367858
kodim02,gauss,method_2,2,5,30.1968195832686,28.7567594854146,-4.768913142932,0.983046643443474,0.975893780437745,-0.727621934669652,5.84949480761276,5.21534710907326,-10.8410678083549
kodim03,gauss,method_2,2,5,31.2347025857045,29.7251946610293,-4.83279109360273,0.959660928342066,0.949897382260492,-1.01739539385451,7.78056467874901,6.05061817112263,-22.2342025168349
kodim04,gauss,method_2,2,5,31.1946114909302,30.2910811897034,-2.89643069120907,0.95997698115759,0.955682922574791,-0.447308494587116,4.89240041702865,5.13653052127638,4.98998617116461
kodim05,gauss,method_2,2,5,25.809512559855,22.1364436202108,-14.2314541242342,0.872277366064175,0.736249387048417,-15.5945785489693,4.45431318800229,5.89339327238181,32.3075640090977
