name,type,method,sigma,filter_size,jpg_PSNR,PSNR,delta_PSNR,jpg_SSIM,SSIM,delta_SSIM,jpg_NIQE,NIQE,delta_NIQE
kodim01,gauss,method_2,4.4,7,26.1589663960723,20.9714384136388,-19.8307834640299,0.814127189487225,0.437198457414358,-46.2985067861785,5.26153663626786,5.25706651189883,-0.0849585335625964
kodim02,gauss,method_2,4.4,7,30.1968195832686,27.6811491835866,-8.33091177945055,0.983046643443474,0.969222345035373,-1.40627085197873,5.84949480761276,5.45811533479645,-6.69082520266441
kodim03,gauss,method_2,4.4,7,31.2347025857045,28.5314642327681,-8.65459930511288,0.959660928342066,0.94012142710524,-2.0360838562619,7.78056467874901,5.75000876219546,-26.097796244784
kodim04,gauss,method_2,4.4,7,31.1946114909302,28.909815690284,-7.32432843829617,0.95997698115759,0.943387317902527,-1.72813135946845,4.89240041702865,5.36834793341932,9.72830258811331
kodim05,gauss,method_2,4.4,7,25.809512559855,20.4387757056318,-20.8091371031046,0.872277366064175,0.624023988946338,-28.4603712965736,4.45431318800229,6.31244630573705,41.7153675394819
