name,type,method,sigma,filter_size,jpg_PSNR,PSNR,delta_PSNR,jpg_SSIM,SSIM,delta_SSIM,jpg_NIQE,NIQE,delta_NIQE
kodim01,gauss,method_2,4.1,3,26.1589663960723,24.3457043245069,-6.93170381471054,0.814127189487225,0.712748307433172,-12.4524623871003,5.26153663626786,5.10139501281188,-3.04362840224516
kodim02,gauss,method_2,4.1,3,30.1968195832686,29.8389919434226,-1.1849845274574,0.983046643443474,0.981386481973378,-0.168879216583308,5.84949480761276,5.0258649428831,-14.0803589338648
kodim03,gauss,method_2,4.1,3,31.2347025857045,30.8866264490334,-1.11438915006798,0.959660928342066,0.958221199990132,-0.150024691994129,7.78056467874901,6.32387274386578,-18.7221878491915
kodim04,gauss,method_2,4.1,3,31.1946114909302,31.3017885668627,0.343575607485052,0.95997698115759,0.96231182811716,0.243219056852274,4.89240041702865,5.1046640672131,4.33864017846204
kodim05,gauss,method_2,4.1,3,25.809512559855,24.3502197222797,-5.65408910451547,0.872277366064175,0.834744704819594,-4.30283562371143,4.45431318800229,5.25195030846029,17.9070731399498
