name,type,method,sigma,filter_size,jpg_PSNR,PSNR,delta_PSNR,jpg_SSIM,SSIM,delta_SSIM,jpg_NIQE,NIQE,delta_NIQE
kodim01,gauss,method_2,1.1,5,26.1589663960723,23.8437254667851,-8.85065905981204,0.814127189487225,0.678870135428055,-16.6137497685541,5.26153663626786,5.70343758679743,8.39870518972623
kodim02,gauss,method_2,1.1,5,30.1968195832686,29.5773761586746,-2.05135319925263,0.983046643443474,0.9801777372318,-0.291838259232981,5.84949480761276,5.03158520965036,-13.9825681509784
kodim03,gauss,method_2,1.1,5,31.2347025857045,30.5584777498298,-2.16497926951353,0.959660928342066,0.956325928309268,-0.347518580188449,7.78056467874901,6.2507231903705,-19.6623452351337
kodim04,gauss,method_2,1.1,5,31.1946114909302,31.0159640093645,-0.572686989923346,0.95997698115759,0.960798702997258,0.0855980774327887,4.89240041702865,4.92040304229128,0.572369856832604
kodim05,gauss,method_2,1.1,5,25.809512559855,23.6055310382125,-8.53941552182068,0.872277366064175,0.807527647925487,-7.42306526086388,4.45431318800229,5.50375814593201,23.5601969065939
