name,type,method,sigma,filter_size,jpg_PSNR,PSNR,delta_PSNR,jpg_SSIM,SSIM,delta_SSIM,jpg_NIQE,NIQE,delta_NIQE
kodim01,gauss,method_2,2.6,3,26.1589663960723,24.405705142521,-6.70233382697629,0.814127189487225,0.71614148304586,-12.0356754702027,5.26153663626786,5.2016009297236,-1.13912932072208
kodim02,gauss,method_2,2.6,3,30.1968195832686,29.8655619870192,-1.09699498430924,0.983046643443474,0.981504424209085,-0.156881593022502,5.84949480761276,5.05132997601676,-13.6450216274615
kodim03,gauss,method_2,2.6,3,31.2347025857045,30.9116806507544,-1.03417643905461,0.959660928342066,0.95839907643002,-0.131489349496086,7.78056467874901,6.33996567905068,-18.5153527948045
kodim04,gauss,method_2,2.6,3,31.1946114909302,31.3181562397114,0.396045159328829,0.95997698115759,0.962414624891465,0.253927310937754,4.89240041702865,5.11315265857955,4.51214583300542
kodim05,gauss,method_2,2.6,3,25.809512559855,24.403301369575,-5.44842211575603,0.872277366064175,0.83646140516298,-4.10602891862273,4.45431318800229,5.25393571040311,17.9516457117251
