name,type,method,sigma,filter_size,jpg_PSNR,PSNR,delta_PSNR,jpg_SSIM,SSIM,delta_SSIM,jpg_NIQE,NIQE,delta_NIQE
kodim01,gauss,method_2,1.4,5,26.1589663960723,23.0814596735112,-11.7646342594911,0.814127189487225,0.624786556881762,-23.2568860308815,5.26153663626786,5.57435790848572,5.94543559882451
kodim02,gauss,method_2,1.4,5,30.1968195832686,29.1732859781764,-3.38954108153577,0.983046643443474,0.97816365880031,-0.496719527575934,5.84949480761276,5.14220033485702,-12.0915480057395
kodim03,gauss,method_2,1.4,5,31.2347025857045,30.147030548157,-3.48225514414018,0.959660928342066,0.953343710557916,-0.658276022038692,7.78056467874901,6.13225272058876,-21.1849914012316
kodim04,gauss,method_2,1.4,5,31.1946114909302,30.6694610096393,-1.68346536850946,0.95997698115759,0.958529530115063,-0.150779765654497,4.89240041702865,5.02049892119665,2.61831602585371
kodim05,gauss,method_2,1.4,5,25.809512559855,22.8281778889107,-11.5513017304386,0.872277366064175,0.773021152438549,-11.3789738777108,4.45431318800229,5.78986099024791,29.9832487271645
