name,type,method,sigma,filter_size,jpg_PSNR,PSNR,delta_PSNR,jpg_SSIM,SSIM,delta_SSIM,jpg_NIQE,NIQE,delta_NIQE
kodim01,gauss,method_2,4.7,5,26.1589663960723,21.787869776038,-16.7097451552619,0.814127189487225,0.515463972551565,-36.6850807579307,5.26153663626786,5.47412942380788,4.04050759762117
kodim02,gauss,method_2,4.7,5,30.1968195832686,28.3948381462949,-5.96745439368105,0.983046643443474,0.973744841079095,-0.946221873236399,5.84949480761276,5.30496650469488,-9.3089800201072
kodim03,gauss,method_2,4.7,5,31.2347025857045,29.3635476966623,-5.99062816080279,0.959660928342066,0.946670156042896,-1.35368356838421,7.78056467874901,5.98278138461914,-23.1060773653117
kodim04,gauss,method_2,4.7,5,31.1946114909302,29.9538796057394,-3.97739169007293,0.95997698115759,0.952851470459694,-0.742258495542656,4.89240041702865,5.17144101205673,5.70355186089921
kodim05,gauss,method_2,4.7,5,25.809512559855,21.6004156359338,-16.3083162231749,0.872277366064175,0.703576185859228,-19.3403138460589,4.45431318800229,5.85992729555003,31.5562478034498
