name,type,method,sigma,filter_size,jpg_PSNR,PSNR,delta_PSNR,jpg_SSIM,SSIM,delta_SSIM,jpg_NIQE,NIQE,delta_NIQE
kodim01,gauss,method_2,2.9,3,26.1589663960723,24.3861871450802,-6.77694685696091,0.814127189487225,0.715056155903386,-12.1689872127031,5.26153663626786,5.18004740224327,-1.54877252897717
kodim02,gauss,method_2,2.9,3,30.1968195832686,29.8575744088327,-1.12344670438019,0.983046643443474,0.981469186400242,-0.160466144078986,5.84949480761276,5.04466437729057,-13.7589733266325
kodim03,gauss,method_2,2.9,3,31.2347025857045,30.9040925071952,-1.05847039075276,0.959660928342066,0.95835099759866,-0.136499330619639,7.78056467874901,6.31527121957302,-18.8327392634898
kodim04,gauss,method_2,2.9,3,31.1946114909302,31.3130418513147,0.37965005725083,0.95997698115759,0.96238497963133,0.25083918896021,4.89240041702865,5.09934515619089,4.22992235962412
kodim05,gauss,method_2,2.9,3,25.809512559855,24.3864028641141,-5.51389605844174,0.872277366064175,0.835927135836376,-4.16727885441023,4.45431318800229,5.24428751806218,17.7350423447477
