name,type,method,sigma,filter_size,jpg_PSNR,PSNR,delta_PSNR,jpg_SSIM,SSIM,delta_SSIM,jpg_NIQE,NIQE,delta_NIQE
kodim01,gauss,method_2,4.7,7,26.1589663960723,20.9439496415918,-19.9358670198202,0.814127189487225,0.434561938271879,-46.6223528849851,5.26153663626786,5.18530774812688,-1.44879516024906
kodim02,gauss,method_2,4.7,7,30.1968195832686,27.6604375214775,-8.39950066528328,0.983046643443474,0.969079261295971,-1.42082598426631,5.84949480761276,5.404973235099,-7.59931561842287
kodim03,gauss,method_2,4.7,7,31.2347025857045,28.5094815061429,-8.72497848213524,0.959660928342066,0.939916853726644,-2.0574011124462,7.78056467874901,5.68687941938605,-26.909168496233
kodim04,gauss,method_2,4.7,7,31.1946114909302,28.8851274385513,-7.40347111888342,0.95997698115759,0.943129432610636,-1.75499505484374,4.89240041702865,5.30178391062032,8.36774300334764
kodim05,gauss,method_2,4.7,7,25.809512559855,20.4113352105486,-20.9154564108386,0.872277366064175,0.621942415443224,-28.6990079486407,4.45431318800229,6.27422790590656,40.8573587238145
