name,type,method,sigma,filter_size,jpg_PSNR,PSNR,delta_PSNR,jpg_SSIM,SSIM,delta_SSIM,jpg_niqe,im_niqe,delta_niqe
baboon,gauss,method_1,0.7,3,25.1230215747874,24.6495739423644,-1.88451707933953,0.785772085440798,0.746798372882954,-4.95992582072717,4.24774381357128,4.00609996027802,-5.68875770052864
boats,gauss,method_1,0.7,3,30.4934564301298,30.4182264679788,-0.246708543268769,0.830337946897214,0.836237422073243,0.710490854726597,4.46022747650132,4.53796659415039,1.74294064727946
