name,type,method,sigma,filter_size,jpg_PSNR,PSNR,delta_PSNR,jpg_SSIM,SSIM,delta_SSIM,jpg_niqe,im_niqe,delta_niqe
kodim09,avg,method_1,-1,3,28.3742323725659,28.0077897839426,-1.29146256297541,0.795812224523494,0.801963749771285,0.772987026113485,6.80409757101481,5.48492190597308,-19.3879592594523
kodim10,avg,method_1,-1,3,28.3916988114205,28.1232432776979,-0.94554234146267,0.81776030433309,0.82508851852478,0.896132296084786,6.71975931901749,5.34644363739375,-20.4369772253172
