name,type,method,sigma,filter_size,jpg_PSNR,PSNR,delta_PSNR,jpg_SSIM,SSIM,delta_SSIM,jpg_niqe,im_niqe,delta_niqe
kodim09,avg,method_1,-1,5,28.3742323725659,26.5976147064541,-6.26137702258895,0.795812224523494,0.780825851735206,-1.8831543832166,6.80409757101481,6.32092769111618,-7.10116036484999
kodim10,avg,method_1,-1,5,28.3916988114205,27.0268141394666,-4.80733710588985,0.81776030433309,0.801740272074036,-1.95901319422919,6.71975931901749,5.95642988229166,-11.3594758455938
