name,type,method,sigma,filter_size,jpg_PSNR,PSNR,delta_PSNR,jpg_SSIM,SSIM,delta_SSIM,jpg_niqe,im_niqe,delta_niqe
baboon,avg,method_1,-1,3,25.1230215747874,23.1951064177533,-7.67389842537442,0.785772085440798,0.666603460542406,-15.1658002500231,4.24774381357128,4.56748597013497,7.52734088016647
boats,avg,method_1,-1,3,30.4934564301298,29.1486865869668,-4.41002759475419,0.830337946897214,0.815231767095021,-1.81928091551647,4.46022747650132,4.95158015821644,11.0163143988464
