name,type,method,sigma,filter_size,jpg_PSNR,PSNR,delta_PSNR,jpg_SSIM,SSIM,delta_SSIM,jpg_niqe,im_niqe,delta_niqe
kodim09,avg,method_2,-1,3,31.1584373923089,30.2110871110913,-3.04042936842336,0.902038251598307,0.899641734427437,-0.265677998313654,5.47967701694737,5.21316245927204,-4.86369099585726
kodim10,avg,method_2,-1,3,31.0279493176387,30.0426195376179,-3.17562005124428,0.891019082487507,0.887181559769532,-0.4306891730378,5.10615924021808,5.18196999310248,1.48469229645811
