name,type,method,sigma,filter_size,jpg_PSNR,PSNR,delta_PSNR,jpg_SSIM,SSIM,delta_SSIM,jpg_niqe,im_niqe,delta_niqe
kodim09,avg,method_2,-1,5,31.1584373923089,27.1473736551721,-12.8731222513965,0.902038251598307,0.860207610056647,-4.63734674971279,5.47967701694737,5.95576993848507,8.68833911314941
kodim10,avg,method_2,-1,5,31.0279493176387,27.7524761179796,-10.5565249128374,0.891019082487507,0.844609397745334,-5.20860727388786,5.10615924021808,5.43962458906602,6.53064922498769
