name,type,method,sigma,filter_size,jpg_PSNR,PSNR,delta_PSNR,jpg_SSIM,SSIM,delta_SSIM,jpg_niqe,im_niqe,delta_niqe
kodim09,gauss,method_1,0.7,5,28.3742323725659,28.0444936380734,-1.16210627361807,0.795812224523494,0.802499547179712,0.840314140716117,6.80409757101481,5.32823072078308,-21.690853707314
kodim10,gauss,method_1,0.7,5,28.3916988114205,28.1007419131991,-1.02479566352815,0.81776030433309,0.825271085982053,0.918457598047357,6.71975931901749,5.00580249297987,-25.5062234325413
