name,type,method,sigma,filter_size,jpg_PSNR,PSNR,delta_PSNR,jpg_SSIM,SSIM,delta_SSIM,jpg_niqe,im_niqe,delta_niqe
kodim09,gauss,method_1,0.7,3,28.3742323725659,28.1938419584723,-0.635754341210075,0.795812224523494,0.803357052733765,0.94806638774475,6.80409757101481,5.24494229616845,-22.9149458627445
kodim10,gauss,method_1,0.7,3,28.3916988114205,28.315377247797,-0.268816473894104,0.81776030433309,0.826857019687112,1.11239385255318,6.71975931901749,5.08034514634934,-24.3969180269368
