name,type,method,sigma,filter_size,jpg_PSNR,PSNR,delta_PSNR,jpg_SSIM,SSIM,delta_SSIM,jpg_niqe,im_niqe,delta_niqe
kodim09,gauss,method_1,0.4,5,28.3742323725659,27.6078832019112,-2.70086309505138,0.795812224523494,0.793658704332376,-0.270606573354361,6.80409757101481,6.42538892016666,-5.56589094873404
kodim10,gauss,method_1,0.4,5,28.3916988114205,27.7123840548599,-2.39265272949184,0.81776030433309,0.815583287221181,-0.266217019874175,6.71975931901749,6.30620591539036,-6.15428892604439
