name,type,method,sigma,filter_size,jpg_PSNR,PSNR,delta_PSNR,jpg_SSIM,SSIM,delta_SSIM,jpg_niqe,im_niqe,delta_niqe
kodim09,gauss,method_1,0.4,3,28.3742323725659,27.9080458459254,-1.64299255930279,0.795812224523494,0.795303563124977,-0.0639172637516943,6.80409757101481,6.47644383429634,-4.81553554014659
kodim10,gauss,method_1,0.4,3,28.3916988114205,28.0285313202354,-1.27913265633463,0.81776030433309,0.817718014030057,-0.005171479076348,6.71975931901749,6.2755241083657,-6.61087978842587
