name,type,method,sigma,filter_size,jpg_PSNR,PSNR,delta_PSNR,jpg_SSIM,SSIM,delta_SSIM,jpg_niqe,im_niqe,delta_niqe
kodim09,gauss,method_2,0.4,5,31.1584373923089,31.3858029675543,0.729707887410097,0.902038251598307,0.90410438930408,0.229052116372296,5.47967701694737,5.13597262040629,-6.27234772192017
kodim10,gauss,method_2,0.4,5,31.0279493176387,31.2170211675425,0.609359799992704,0.891019082487507,0.893479682316049,0.27615568251049,5.10615924021808,4.76592991952121,-6.6631161444612
