name,type,method,sigma,filter_size,jpg_PSNR,PSNR,delta_PSNR,jpg_SSIM,SSIM,delta_SSIM,jpg_niqe,im_niqe,delta_niqe
kodim09,gauss,method_2,0.4,3,31.1584373923089,31.3857965962843,0.72968743943351,0.902038251598307,0.904104379834217,0.229051066542795,5.47967701694737,5.13597284487025,-6.27234362562115
kodim10,gauss,method_2,0.4,3,31.0279493176387,31.217019517585,0.60935448234351,0.891019082487507,0.893479709536438,0.276158737483115,5.10615924021808,4.76592991952121,-6.6631161444612
