name,type,method,sigma,filter_size,jpg_PSNR,PSNR,delta_PSNR,jpg_SSIM,SSIM,delta_SSIM,jpg_niqe,im_niqe,delta_niqe
kodim09,gauss,method_2,0.7,5,31.1584373923089,31.0929802313789,-0.210078445545387,0.902038251598307,0.906193235685115,0.460621717476602,5.47967701694737,4.62291972153892,-15.6351787296714
kodim10,gauss,method_2,0.7,5,31.0279493176387,30.8443678872043,-0.591664723166483,0.891019082487507,0.895338751515638,0.484800955785601,5.10615924021808,4.74429179267441,-7.08688136267787
