name,type,method,sigma,filter_size,jpg_PSNR,PSNR,delta_PSNR,jpg_SSIM,SSIM,delta_SSIM,jpg_niqe,im_niqe,delta_niqe
kodim09,gauss,method_2,0.7,3,31.1584373923089,31.2096592884484,0.164391735999649,0.902038251598307,0.90687522957654,0.536227590089741,5.47967701694737,4.65940008663328,-14.9694393990224
kodim10,gauss,method_2,0.7,3,31.0279493176387,30.9488980359558,-0.254774432153558,0.891019082487507,0.896137019868515,0.574391444762396,5.10615924021808,4.74563755203686,-7.06052575371336
