name,type,method,sigma,filter_size,jpg_PSNR,PSNR,delta_PSNR,jpg_SSIM,SSIM,delta_SSIM,jpg_niqe,im_niqe,delta_niqe
baboon,gauss,method_2,0.4,3,25.1230215747874,25.3821671353504,1.03150634087356,0.785772085440798,0.787859999081971,0.26571491655891,4.24774381357128,3.73999432212743,-11.9533925238529
boats,gauss,method_2,0.4,3,30.4934564301298,30.7633836850077,0.885197306170655,0.830337946897214,0.834764735655201,0.533130970893156,4.46022747650132,4.14229285289729,-7.12821543921397
