name,type,method,sigma,filter_size,jpg_PSNR,PSNR,delta_PSNR,jpg_SSIM,SSIM,delta_SSIM,jpg_niqe,im_niqe,delta_niqe
baboon,gauss,method_2,0.4,5,25.1230215747874,25.382156313904,1.03146326704838,0.785772085440798,0.787859104570452,0.265601078012722,4.24774381357128,3.74002063819553,-11.9527729933618
boats,gauss,method_2,0.4,5,30.4934564301298,30.7633770027265,0.885175392350692,0.830337946897214,0.834764744414741,0.533132025829885,4.46022747650132,4.14230389425003,-7.12796788787711
