name,type,method,sigma,filter_size,jpg_PSNR,PSNR,delta_PSNR,jpg_SSIM,SSIM,delta_SSIM,jpg_niqe,im_niqe,delta_niqe
baboon,gauss,method_2,0.7,5,25.1230215747874,24.5222272523255,-2.39140949138404,0.785772085440798,0.73976618041968,-5.85486629947031,4.24774381357128,3.93587268495034,-7.34204185347825
boats,gauss,method_2,0.7,5,30.4934564301298,30.2875804501676,-0.675148061466901,0.830337946897214,0.834331794231443,0.480990583310516,4.46022747650132,4.53875721488544,1.76066666549753
