name,type,method,sigma,filter_size,jpg_PSNR,PSNR,delta_PSNR,jpg_SSIM,SSIM,delta_SSIM,jpg_niqe,im_niqe,delta_niqe
baboon,avg,method_2,-1,5,25.1230215747874,21.0154675397655,-16.349761205253,0.785772085440798,0.456896460721591,-41.8538187869981,4.24774381357128,5.29102963343298,24.5609402461717
boats,avg,method_2,-1,5,30.4934564301298,26.1519952394566,-14.2373535142559,0.830337946897214,0.712902854800922,-14.1430477235348,4.46022747650132,5.35376579231991,20.0334696049965
