quality,name,type,method,sigma,filter_size,jpg_PSNR,PSNR,delta_PSNR,jpg_SSIM,SSIM,delta_SSIM
10,Case_17-07,avg,method_2,0,3,29.1605780632834,30.17213985295,3.46893599801524,0.816158264842461,0.86475990296006,5.95492813234947
10,Case_17-08,avg,method_2,0,3,29.3588330809697,30.3606107278019,3.41218482379505,0.813035998795182,0.86265224430296,6.10258900974909
