name,type,method,sigma,filter_size,jpg_PSNR,PSNR,delta_PSNR,jpg_SSIM,SSIM,delta_SSIM,jpg_NIQE,NIQE,delta_NIQE
kodim01,gauss,method_3,3.8,5,26.1589663960723,21.8466001560197,-16.4852317739132,0.814127189487225,0.521432533560236,-35.9519568571762,5.26153663626786,5.47789073353162,4.11199450313481
kodim02,gauss,method_3,3.8,5,30.1968195832686,28.4416244534354,-5.81251653007086,0.983046643443474,0.974025155088252,-0.917707050361425,5.84949480761276,5.27996602003017,-9.73637564121572
kodim03,gauss,method_3,3.8,5,31.2347025857045,29.4143932892772,-5.82784257808324,0.959660928342066,0.947119766545975,-1.30683259323241,7.78056467874901,5.94805352961631,-23.5524184271332
kodim04,gauss,method_3,3.8,5,31.1946114909302,30.0015149462112,-3.82468794351198,0.95997698115759,0.953258607671907,-0.699847352337682,4.89240041702865,5.19825444269053,6.2516147410443
kodim05,gauss,method_3,3.8,5,25.809512559855,21.6628289338587,-16.0664933767335,0.872277366064175,0.707509637743232,-18.8893733497174,4.45431318800229,5.87570830462183,31.9105338270349
