name,type,method,sigma,filter_size,jpg_PSNR,PSNR,delta_PSNR,jpg_SSIM,SSIM,delta_SSIM,jpg_NIQE,NIQE,delta_NIQE
kodim01,gauss,method_3,3.5,3,26.1589663960723,24.3485257918664,-6.92091796286625,0.814127189487225,0.713836953019737,-12.3187430370254,5.26153663626786,4.97459655598709,-5.45354142937793
kodim02,gauss,method_3,3.5,3,30.1968195832686,29.8272030542759,-1.22402469562531,0.983046643443474,0.981401422979869,-0.167359349078455,5.84949480761276,4.88448767235949,-16.4972731319869
kodim03,gauss,method_3,3.5,3,31.2347025857045,30.9130383128093,-1.02982979272065,0.959660928342066,0.958367662310568,-0.134762809790756,7.78056467874901,6.25473909958926,-19.6107306109442
kodim04,gauss,method_3,3.5,3,31.1946114909302,31.3085672733636,0.365305983908691,0.95997698115759,0.962392772317163,0.251650946532054,4.89240041702865,5.07091729666048,3.64886077211659
kodim05,gauss,method_3,3.5,3,25.809512559855,24.3822543704413,-5.52996956491805,0.872277366064175,0.835433040902694,-4.22392310002576,4.45431318800229,5.22271359491951,17.2507045303171
