name,type,method,sigma,filter_size,jpg_PSNR,PSNR,delta_PSNR,jpg_SSIM,SSIM,delta_SSIM,jpg_NIQE,NIQE,delta_NIQE
kodim01,gauss,method_3,4.7,3,26.1589663960723,24.3244952563225,-7.01278143782181,0.814127189487225,0.712436200027465,-12.4907988300709,5.26153663626786,4.93940129640709,-6.12245741368192
kodim02,gauss,method_3,4.7,3,30.1968195832686,29.8157007617132,-1.26211576853114,0.983046643443474,0.981350236803362,-0.172566241024876,5.84949480761276,4.88037314519961,-16.5676130039793
kodim03,gauss,method_3,4.7,3,31.2347025857045,30.902691595422,-1.06295550396722,0.959660928342066,0.958290991482822,-0.14275217618896,7.78056467874901,6.25221107527749,-19.6432221384381
kodim04,gauss,method_3,4.7,3,31.1946114909302,31.3018365177709,0.343729322841264,0.95997698115759,0.962348012439715,0.246988347498269,4.89240041702865,5.07001485551263,3.63041499763104
kodim05,gauss,method_3,4.7,3,25.809512559855,24.3605012022103,-5.61425309480094,0.872277366064175,0.83471127878911,-4.30666766519097,4.45431318800229,5.22327776722964,17.2633702834045
