name,type,method,sigma,filter_size,jpg_PSNR,PSNR,delta_PSNR,jpg_SSIM,SSIM,delta_SSIM,jpg_NIQE,NIQE,delta_NIQE
kodim01,gauss,method_3,4.1,3,26.1589663960723,24.3336641761226,-6.9777306653206,0.814127189487225,0.712973547271249,-12.4247959682672,5.26153663626786,4.95555942984208,-5.81535827987339
kodim02,gauss,method_3,4.1,3,30.1968195832686,29.8199203855618,-1.24814203253252,0.983046643443474,0.981368646090773,-0.170693564124622,5.84949480761276,4.88507127170119,-16.4872962132804
kodim03,gauss,method_3,4.1,3,31.2347025857045,30.906557397384,-1.05057887911725,0.959660928342066,0.958320716660935,-0.13965470944471,7.78056467874901,6.25920083549288,-19.5533859825292
kodim04,gauss,method_3,4.1,3,31.1946114909302,31.3040976615916,0.350977830556726,0.95997698115759,0.962361399183054,0.248382833366337,4.89240041702865,5.07520411569327,3.7364827708776
kodim05,gauss,method_3,4.1,3,25.809512559855,24.3689099415545,-5.58167309421117,0.872277366064175,0.834993080993615,-4.27436117467904,4.45431318800229,5.23383284801867,17.5003334322342
