name,type,method,sigma,filter_size,jpg_PSNR,PSNR,delta_PSNR,jpg_SSIM,SSIM,delta_SSIM,jpg_NIQE,NIQE,delta_NIQE
kodim01,gauss,method_3,4.1,5,26.1589663960723,21.819407734923,-16.5891824449183,0.814127189487225,0.518922381163715,-36.2602812110284,5.26153663626786,5.45274787849098,3.63413305734871
kodim02,gauss,method_3,4.1,5,30.1968195832686,28.4239537497156,-5.87103495672535,0.983046643443474,0.973916710789527,-0.928738500338672,5.84949480761276,5.27656709664124,-9.79448191364988
kodim03,gauss,method_3,4.1,5,31.2347025857045,29.3963095102543,-5.8857390122602,0.959660928342066,0.946949681862203,-1.32455600769566,7.78056467874901,5.96303740046776,-23.3598376637809
kodim04,gauss,method_3,4.1,5,31.1946114909302,29.9845714299689,-3.87900346607318,0.95997698115759,0.953110055276727,-0.715321931217833,4.89240041702865,5.18598949739245,6.00092092507234
kodim05,gauss,method_3,4.1,5,25.809512559855,21.6379245004415,-16.1629866109992,0.872277366064175,0.705927988256171,-19.0706974959803,4.45431318800229,5.86795656735673,31.7365061613113
