name,type,method,sigma,filter_size,jpg_PSNR,PSNR,delta_PSNR,jpg_SSIM,SSIM,delta_SSIM,jpg_NIQE,NIQE,delta_NIQE
kodim01,gauss,method_3,2.9,3,26.1589663960723,24.3734061520516,-6.82580579440938,0.814127189487225,0.71526469920479,-12.143371645001,5.26153663626786,5.01135558674703,-4.75490463748422
kodim02,gauss,method_3,2.9,3,30.1968195832686,29.8381515938899,-1.18776743487714,0.983046643443474,0.981450037465556,-0.162414061282504,5.84949480761276,4.90363445878841,-16.169949370557
kodim03,gauss,method_3,2.9,3,31.2347025857045,30.9238615972306,-0.99517832007865,0.959660928342066,0.958449329099399,-0.126252846905009,7.78056467874901,6.25689671311785,-19.5829998019648
kodim04,gauss,method_3,2.9,3,31.1946114909302,31.3149063345346,0.385626997276032,0.95997698115759,0.962432501537848,0.255789506254317,4.89240041702865,5.07140407896692,3.65881053634166
kodim05,gauss,method_3,2.9,3,25.809512559855,24.4048963379176,-5.4422423464216,0.872277366064175,0.836170784873989,-4.13934633579953,4.45431318800229,5.21724184303579,17.1278628788036
