name,type,method,sigma,filter_size,jpg_PSNR,PSNR,delta_PSNR,jpg_SSIM,SSIM,delta_SSIM,jpg_NIQE,NIQE,delta_NIQE
kodim01,gauss,method_3,4.4,3,26.1589663960723,24.3287455993514,-6.99653330720145,0.814127189487225,0.71269889680591,-12.4585315404094,5.26153663626786,4.94736055768693,-5.97118485149954
kodim02,gauss,method_3,4.4,3,30.1968195832686,29.8177985330845,-1.25516877411179,0.983046643443474,0.981359327011236,-0.171641543510814,5.84949480761276,4.87878231983936,-16.5948089484595
kodim03,gauss,method_3,4.4,3,31.2347025857045,30.9048010842864,-1.05620183356304,0.959660928342066,0.958308402003428,-0.140937939504705,7.78056467874901,6.260085019497,-19.5420219743804
kodim04,gauss,method_3,4.4,3,31.1946114909302,31.3029990386226,0.34745599484056,0.95997698115759,0.962355030203711,0.247719382109978,4.89240041702865,5.07892188563146,3.81247348343758
kodim05,gauss,method_3,4.4,3,25.809512559855,24.3646154324706,-5.59831234330195,0.872277366064175,0.834851548175174,-4.29058684141619,4.45431318800229,5.23280347705081,17.4772238994192
