name,type,method,sigma,filter_size,jpg_PSNR,PSNR,delta_PSNR,jpg_SSIM,SSIM,delta_SSIM,jpg_NIQE,NIQE,delta_NIQE
kodim01,gauss,method_3,1.4,5,26.1589663960723,23.0681985412161,-11.8153286642101,0.814127189487225,0.624530890633149,-23.2882897540238,5.26153663626786,5.5450666694344,5.38873056992826
kodim02,gauss,method_3,1.4,5,30.1968195832686,29.1736551036955,-3.38831868287223,0.983046643443474,0.978162813567235,-0.496805508549613,5.84949480761276,5.13071261071252,-12.2879363182746
kodim03,gauss,method_3,1.4,5,31.2347025857045,30.1584518206938,-3.44568917234803,0.959660928342066,0.953404697981599,-0.651920920785549,7.78056467874901,6.106105866503,-21.5210448262122
kodim04,gauss,method_3,1.4,5,31.1946114909302,30.6782736806284,-1.65521474903422,0.95997698115759,0.958577044217338,-0.145830261321877,4.89240041702865,5.01813663002102,2.57003111508861
kodim05,gauss,method_3,1.4,5,25.809512559855,22.8308932445137,-11.5407809753614,0.872277366064175,0.773049358698536,-11.3757402434238,4.45431318800229,5.79846602548388,30.1764330604788
