name,type,method,sigma,filter_size,jpg_PSNR,PSNR,delta_PSNR,jpg_SSIM,SSIM,delta_SSIM,jpg_NIQE,NIQE,delta_NIQE
kodim01,gauss,method_3,3.5,7,26.1589663960723,21.0939176350851,-19.3625722220725,0.814127189487225,0.449400013202194,-44.799778338659,5.26153663626786,5.57677522489042,5.991378762805
kodim02,gauss,method_3,3.5,7,30.1968195832686,27.7805353593524,-8.00178382115094,0.983046643443474,0.969901170639901,-1.33721760724663,5.84949480761276,5.61536785348543,-4.00251580397374
kodim03,gauss,method_3,3.5,7,31.2347025857045,28.6385893223351,-8.31163112965779,0.959660928342066,0.94114633309322,-1.92928509456274,7.78056467874901,5.8205331969113,-25.1913782966309
kodim04,gauss,method_3,3.5,7,31.1946114909302,29.0247610258806,-6.95585026176881,0.95997698115759,0.94459533852983,-1.60229286010708,4.89240041702865,5.58511338665671,14.1589590095074
kodim05,gauss,method_3,3.5,7,25.809512559855,20.5682572407302,-20.3074556598843,0.872277366064175,0.633754604863541,-27.3448298076194,4.45431318800229,6.44104075104658,44.6023321484343
