name,type,method,sigma,filter_size,jpg_PSNR,PSNR,delta_PSNR,jpg_SSIM,SSIM,delta_SSIM,jpg_NIQE,NIQE,delta_NIQE
kodim01,gauss,method_3,4.7,7,26.1589663960723,20.936896713241,-19.9628288203901,0.814127189487225,0.434312007459766,-46.653052119127,5.26153663626786,5.16346317757259,-1.86396989083466
kodim02,gauss,method_3,4.7,7,30.1968195832686,27.6601492974425,-8.40045515002361,0.983046643443474,0.96908105354085,-1.42064366892136,5.84949480761276,5.38841099280387,-7.88245532261708
kodim03,gauss,method_3,4.7,7,31.2347025857045,28.511457898134,-8.71865093031791,0.959660928342066,0.939931932145335,-2.05582988887701,7.78056467874901,5.69337306459948,-26.8257086770355
kodim04,gauss,method_3,4.7,7,31.1946114909302,28.8835136485234,-7.40864441629199,0.95997698115759,0.943123274809889,-1.75563650780231,4.89240041702865,5.30563277752215,8.44641332003779
kodim05,gauss,method_3,4.7,7,25.809512559855,20.4100191151864,-20.9205556755346,0.872277366064175,0.621890886478011,-28.7049153546124,4.45431318800229,6.2727625051894,40.8244602576467
