name,type,method,sigma,filter_size,jpg_PSNR,PSNR,delta_PSNR,jpg_SSIM,SSIM,delta_SSIM,jpg_NIQE,NIQE,delta_NIQE
kodim01,gauss,method_3,1.4,7,26.1589663960723,22.8031026944473,-12.828732033269,0.814127189487225,0.602801363035549,-25.9573478420219,5.26153663626786,5.62389815642653,6.88699034538523
kodim02,gauss,method_3,1.4,7,30.1968195832686,28.977869153285,-4.03668481252554,0.983046643443474,0.977153974204042,-0.599429261951455,5.84949480761276,5.19567707861236,-11.1773366846911
kodim03,gauss,method_3,1.4,7,31.2347025857045,29.9232768201961,-4.19861774547072,0.959660928342066,0.951959169724838,-0.802549982995878,7.78056467874901,6.06440009183614,-22.0570698628111
kodim04,gauss,method_3,1.4,7,31.1946114909302,30.3965888631313,-2.55820665704031,0.95997698115759,0.956691537579461,-0.342241912318206,4.89240041702865,5.06605292698846,3.54943371673727
kodim05,gauss,method_3,1.4,7,25.809512559855,22.4123536279955,-13.1624296428736,0.872277366064175,0.752029456926994,-13.7855129360692,4.45431318800229,5.84712095441075,31.2687435216724
