name,type,method,sigma,filter_size,jpg_PSNR,PSNR,delta_PSNR,jpg_SSIM,SSIM,delta_SSIM,jpg_NIQE,NIQE,delta_NIQE
kodim01,gauss,method_3,0.7,5,26.1589663960723,25.4922231842787,-2.54881328909715,0.814127189487225,0.772866261212056,-5.0681182016728,5.26153663626786,4.85110247461366,-7.80065197731536
kodim02,gauss,method_3,0.7,5,30.1968195832686,30.2675129908515,0.234108785489707,0.983046643443474,0.983228045812454,0.0184530785176881,5.84949480761276,4.7772968055291,-18.3297538906823
kodim03,gauss,method_3,0.7,5,31.2347025857045,31.3101480709101,0.241543792512725,0.959660928342066,0.960976741375095,0.137112285617713,7.78056467874901,5.96947748187301,-23.2770662754415
kodim04,gauss,method_3,0.7,5,31.1946114909302,31.5185568595222,1.03846578979266,0.95997698115759,0.963379114380297,0.354397375091707,4.89240041702865,4.48429262145967,-8.34166790903927
kodim05,gauss,method_3,0.7,5,25.809512559855,25.3974454920031,-1.59657051599212,0.872277366064175,0.86396264376033,-0.953219999432324,4.45431318800229,4.45992120775277,0.12590088558619
