name,type,method,sigma,filter_size,jpg_PSNR,PSNR,delta_PSNR,jpg_SSIM,SSIM,delta_SSIM,jpg_NIQE,NIQE,delta_NIQE
kodim01,gauss,method_3,4.4,7,26.1589663960723,20.9643471877956,-19.8578916675266,0.814127189487225,0.436947412586217,-46.3293428559453,5.26153663626786,5.24313450127741,-0.349748300973627
kodim02,gauss,method_3,4.4,7,30.1968195832686,27.6808522727915,-8.33189503132683,0.983046643443474,0.969223892396816,-1.40611344729669,5.84949480761276,5.44033246945796,-6.99483206006611
kodim03,gauss,method_3,4.4,7,31.2347025857045,28.5333817889524,-8.64846012008599,0.959660928342066,0.940136162968007,-2.03454832820899,7.78056467874901,5.74064497148613,-26.2181447168545
kodim04,gauss,method_3,4.4,7,31.1946114909302,28.9081529487914,-7.32965865852679,0.95997698115759,0.943382173696321,-1.7286672271306,4.89240041702865,5.36783379666683,9.71779370272649
kodim05,gauss,method_3,4.4,7,25.809512559855,20.4374614139693,-20.814229379293,0.872277366064175,0.623972646888941,-28.4662572749785,4.45431318800229,6.31189384860826,41.7029647939748
