name,type,method,sigma,filter_size,jpg_PSNR,PSNR,delta_PSNR,jpg_SSIM,SSIM,delta_SSIM,jpg_NIQE,NIQE,delta_NIQE
kodim01,gauss,method_3,2.6,7,26.1589663960723,21.3801853492217,-18.2682334404775,0.814127189487225,0.476697731625997,-41.4467741918504,5.26153663626786,6.09370726220109,15.8161138743587
kodim02,gauss,method_3,2.6,7,30.1968195832686,27.9956084902406,-7.28954612904876,0.983046643443474,0.971327997341848,-1.19207427030894,5.84949480761276,6.05673882449142,3.5429387271009
kodim03,gauss,method_3,2.6,7,31.2347025857045,28.8659521054785,-7.58371389555079,0.959660928342066,0.943239712018992,-1.71114774376021,7.78056467874901,6.39502895294843,-17.807649997241
kodim04,gauss,method_3,2.6,7,31.1946114909302,29.276154427905,-6.14996299467605,0.95997698115759,0.947111974408277,-1.34013700347265,4.89240041702865,5.99231104911968,22.4820239214811
kodim05,gauss,method_3,2.6,7,25.809512559855,20.86275737534,-19.1664029804629,0.872277366064175,0.655228961764522,-24.8829572729833,4.45431318800229,6.480793749934,45.4947929433891
