name,type,method,sigma,filter_size,jpg_PSNR,PSNR,delta_PSNR,jpg_SSIM,SSIM,delta_SSIM,jpg_NIQE,NIQE,delta_NIQE
kodim01,gauss,method_3,2,5,26.1589663960723,22.3583689680338,-14.5288516774468,0.814127189487225,0.56691716421216,-30.3650373636052,5.26153663626786,5.70326941084121,8.39550886196401
kodim02,gauss,method_3,2,5,30.1968195832686,28.7591383783709,-4.76103518429569,0.983046643443474,0.97590278302193,-0.726706150637955,5.84949480761276,5.20370732627907,-11.0400556385354
kodim03,gauss,method_3,2,5,31.2347025857045,29.7340816671677,-4.80433874604479,0.959660928342066,0.949949185698485,-1.01199729579055,7.78056467874901,6.02565333237306,-22.5550640452759
kodim04,gauss,method_3,2,5,31.1946114909302,30.2985573525929,-2.87246449149674,0.95997698115759,0.955724813320227,-0.442944770637614,4.89240041702865,5.1362018703414,4.98326859069357
kodim05,gauss,method_3,2,5,25.809512559855,22.1377920533716,-14.2262295654297,0.872277366064175,0.73625838336308,-15.5935471895631,4.45431318800229,5.89708663302202,32.3904805101232
