name,type,method,sigma,filter_size,jpg_PSNR,PSNR,delta_PSNR,jpg_SSIM,SSIM,delta_SSIM,jpg_NIQE,NIQE,delta_NIQE
kodim01,gauss,method_3,1.7,7,26.1589663960723,22.199554543847,-15.1359644424628,0.814127189487225,0.55193380341864,-32.2054575076564,5.26153663626786,6.05333628021987,15.0488288629242
kodim02,gauss,method_3,1.7,7,30.1968195832686,28.5826280819647,-5.34556792265067,0.983046643443474,0.974940020211103,-0.824642786427121,5.84949480761276,5.66397332854157,-3.17158122492464
kodim03,gauss,method_3,1.7,7,31.2347025857045,29.495211819396,-5.56909662109164,0.959660928342066,0.948617038330932,-1.15081167576689,7.78056467874901,6.26893327837915,-19.4282993944972
kodim04,gauss,method_3,1.7,7,31.1946114909302,29.9559723961969,-3.97068286967894,0.95997698115759,0.953247405608463,-0.701014261926576,4.89240041702865,5.41184394296154,10.6173551151883
kodim05,gauss,method_3,1.7,7,25.809512559855,21.7421791348183,-15.7590478146541,0.872277366064175,0.713674910525928,-18.1825714742412,4.45431318800229,6.06580973579872,36.1783395055608
