name,type,method,sigma,filter_size,jpg_PSNR,PSNR,delta_PSNR,jpg_SSIM,SSIM,delta_SSIM,jpg_NIQE,NIQE,delta_NIQE
kodim01,gauss,method_3,0.7,3,26.1589663960723,25.6362105174103,-1.99838124621197,0.814127189487225,0.779404479295806,-4.26502279248151,5.26153663626786,4.96837957668983,-5.57170043362034
kodim02,gauss,method_3,0.7,3,30.1968195832686,30.2994338754268,0.339818211236792,0.983046643443474,0.983394122484792,0.0353471570891632,5.84949480761276,4.83371746209437,-17.3652149275595
kodim03,gauss,method_3,0.7,3,31.2347025857045,31.3610439620406,0.40449040931133,0.959660928342066,0.961238987771998,0.164439270509766,7.78056467874901,6.00101355172541,-22.8717477522432
kodim04,gauss,method_3,0.7,3,31.1946114909302,31.54070300597,1.10945928959696,0.95997698115759,0.963445271824683,0.361288940794261,4.89240041702865,4.53939615222028,-7.21535922488472
kodim05,gauss,method_3,0.7,3,25.809512559855,25.5642565869682,-0.950254183677678,0.872277366064175,0.867883593971706,-0.503712725264757,4.45431318800229,4.44563174158614,-0.194899775784418
