name,type,method,sigma,filter_size,jpg_PSNR,PSNR,delta_PSNR,jpg_SSIM,SSIM,delta_SSIM,jpg_NIQE,NIQE,delta_NIQE
kodim01,gauss,method_3,4.7,5,26.1589663960723,21.7787658830612,-16.7445473444575,0.814127189487225,0.515205922579667,-36.7167772760215,5.26153663626786,5.46778627622686,3.91995065732918
kodim02,gauss,method_3,4.7,5,30.1968195832686,28.3985362258885,-5.95520780730333,0.983046643443474,0.973760851273188,-0.944593243079356,5.84949480761276,5.29085067253222,-9.55029713597651
kodim03,gauss,method_3,4.7,5,31.2347025857045,29.3705748062947,-5.96813039693542,0.959660928342066,0.946714300449664,-1.34908356796064,7.78056467874901,5.97256692364257,-23.2373591089681
kodim04,gauss,method_3,4.7,5,31.1946114909302,29.9603264555778,-3.95672514053033,0.95997698115759,0.952889608204567,-0.738285718525955,4.89240041702865,5.17323918744897,5.74030632167422
kodim05,gauss,method_3,4.7,5,25.809512559855,21.6012071740146,-16.3052493768758,0.872277366064175,0.703578324534859,-19.3400686630799,4.45431318800229,5.85410371269448,31.4255074937823
