name,type,method,sigma,filter_size,jpg_PSNR,PSNR,delta_PSNR,jpg_SSIM,SSIM,delta_SSIM,jpg_NIQE,NIQE,delta_NIQE
kodim01,gauss,method_3,4.1,7,26.1589663960723,20.9981987164442,-19.7284846866233,0.814127189487225,0.440214724440171,-45.9280159016138,5.26153663626786,5.3182109801351,1.07714433605921
kodim02,gauss,method_3,4.1,7,30.1968195832686,27.7072481541521,-8.24448224506371,0.983046643443474,0.969403829230364,-1.38780944974499,5.84949480761276,5.50440615557014,-5.8994607806729
kodim03,gauss,method_3,4.1,7,31.2347025857045,28.5607173046981,-8.56094362886713,0.959660928342066,0.94039904894761,-2.00715469657947,7.78056467874901,5.7970349333472,-25.493390612373
kodim04,gauss,method_3,4.1,7,31.1946114909302,28.9384811259259,-7.23243617142101,0.95997698115759,0.943702081170414,-1.69534273285909,4.89240041702865,5.42045302537541,10.7933235903748
kodim05,gauss,method_3,4.1,7,25.809512559855,20.4714976003058,-20.6823547991065,0.872277366064175,0.626517204661435,-28.1745429795617,4.45431318800229,6.34156370939872,42.369057624411
