name,type,method,sigma,filter_size,jpg_PSNR,PSNR,delta_PSNR,jpg_SSIM,SSIM,delta_SSIM,jpg_NIQE,NIQE,delta_NIQE
kodim01,gauss,method_3,3.8,7,26.1589663960723,21.0406580167846,-19.566172079552,0.814127189487225,0.444280443648187,-45.4286198292904,5.26153663626786,5.4135684548607,2.88949463061571
kodim02,gauss,method_3,3.8,7,30.1968195832686,27.7390149337582,-8.13928315441609,0.983046643443474,0.969621708478725,-1.36564577624952,5.84949480761276,5.57227827902468,-4.7391533406832
kodim03,gauss,method_3,3.8,7,31.2347025857045,28.5950113609534,-8.45114890243671,0.959660928342066,0.940728238945964,-1.97285195603514,7.78056467874901,5.8246030500179,-25.1390703565952
kodim04,gauss,method_3,3.8,7,31.1946114909302,28.976486539373,-7.11060290717863,0.95997698115759,0.944096509390923,-1.65425547470081,4.89240041702865,5.46593549528485,11.7229790975392
kodim05,gauss,method_3,3.8,7,25.809512559855,20.5139269308153,-20.5179606424516,0.872277366064175,0.629688495601763,-27.8109784685809,4.45431318800229,6.37859814224168,43.2004862034053
