name,type,method,sigma,filter_size,jpg_PSNR,PSNR,delta_PSNR,jpg_SSIM,SSIM,delta_SSIM,jpg_NIQE,NIQE,delta_NIQE
kodim01,gauss,method_3,1.1,7,26.1589663960723,23.7365277063822,-9.26045262267607,0.814127189487225,0.672181147321599,-17.4353643998833,5.26153663626786,5.51656463189587,4.84702499019206
kodim02,gauss,method_3,1.1,7,30.1968195832686,29.5169195006236,-2.25156189303363,0.983046643443474,0.979895587806464,-0.320539789034999,5.84949480761276,4.95408540981985,-15.3074654691134
kodim03,gauss,method_3,1.1,7,31.2347025857045,30.5006866080935,-2.350001494642,0.959660928342066,0.956006936314363,-0.380758653373061,7.78056467874901,6.18587582774057,-20.4957984009053
kodim04,gauss,method_3,1.1,7,31.1946114909302,30.9456575130921,-0.798067249244209,0.95997698115759,0.960403527515625,0.0444329777075545,4.89240041702865,4.89785477063449,0.11148624685043
kodim05,gauss,method_3,1.1,7,25.809512559855,23.460106464355,-9.10286891335688,0.872277366064175,0.801503453248076,-8.11369359902567,4.45431318800229,5.4543050240774,22.4499668943036
