name,type,method,sigma,filter_size,jpg_PSNR,PSNR,delta_PSNR,jpg_SSIM,SSIM,delta_SSIM,jpg_NIQE,NIQE,delta_NIQE
kodim01,gauss,method_3,2.3,3,26.1589663960723,24.4206993275682,-6.64501434110597,0.814127189487225,0.717933608722811,-11.8155470062364,5.26153663626786,5.07124421161184,-3.61667014431359
kodim02,gauss,method_3,2.3,3,30.1968195832686,29.8586965147666,-1.11973073048157,0.983046643443474,0.981539518336389,-0.153311657909326,5.84949480761276,4.93919369001601,-15.562046767048
kodim03,gauss,method_3,2.3,3,31.2347025857045,30.9428121712218,-0.934506783542555,0.959660928342066,0.95858533245295,-0.112080825357139,7.78056467874901,6.26519963374687,-19.4762862024789
kodim04,gauss,method_3,2.3,3,31.1946114909302,31.3266489869007,0.423270204884176,0.95997698115759,0.962501176890764,0.262943360384555,4.89240041702865,5.09081824246315,4.05563340122117
kodim05,gauss,method_3,2.3,3,25.809512559855,24.4462447313315,-5.28203632425019,0.872277366064175,0.837496177912619,-3.98740005240456,4.45431318800229,5.23767442375411,17.586577384406
