name,type,method,sigma,filter_size,jpg_PSNR,PSNR,delta_PSNR,jpg_SSIM,SSIM,delta_SSIM,jpg_NIQE,NIQE,delta_NIQE
kodim01,gauss,method_3,2.6,5,26.1589663960723,22.0696430457558,-15.632587650445,0.814127189487225,0.541626938428924,-33.4714593219684,5.26153663626786,5.6120866490678,6.6625025545502
kodim02,gauss,method_3,2.6,5,30.1968195832686,28.5824216362376,-5.34625158977165,0.983046643443474,0.974874225189024,-0.831335756950791,5.84949480761276,5.26699974270724,-9.9580405498854
kodim03,gauss,method_3,2.6,5,31.2347025857045,29.5548177170849,-5.37826433278893,0.959660928342066,0.948385111295586,-1.1749792779372,7.78056467874901,5.96951031411354,-23.276644297836
kodim04,gauss,method_3,2.6,5,31.1946114909302,30.1325152540067,-3.40474263393953,0.95997698115759,0.954371986124117,-0.583867649275714,4.89240041702865,5.14429190310375,5.14862776150449
kodim05,gauss,method_3,2.6,5,25.809512559855,21.8672335441232,-15.274519449328,0.872277366064175,0.72026635089484,-17.4269127095694,4.45431318800229,5.86749026100022,31.7260375135796
