name,type,method,sigma,filter_size,jpg_PSNR,PSNR,delta_PSNR,jpg_SSIM,SSIM,delta_SSIM,jpg_NIQE,NIQE,delta_NIQE
kodim01,gauss,method_3,2,7,26.1589663960723,21.8119149364452,-16.6178257726567,0.814127189487225,0.517079398096459,-36.4866565355544,5.26153663626786,6.14556901273697,16.8017907615707
kodim02,gauss,method_3,2,7,30.1968195832686,28.3113425860216,-6.24395887801263,0.983046643443474,0.973320555230869,-0.989382169958409,5.84949480761276,5.92591784153514,1.30648947363665
kodim03,gauss,method_3,2,7,31.2347025857045,29.2032598350274,-6.50380052476286,0.959660928342066,0.946196735506159,-1.40301563169478,7.78056467874901,6.37166984660649,-18.1078737895544
kodim04,gauss,method_3,2,7,31.1946114909302,29.6447441449432,-4.9683816271845,0.95997698115759,0.950557449126596,-0.981224780997919,4.89240041702865,5.74667085673061,17.4611717538195
kodim05,gauss,method_3,2,7,25.809512559855,21.3206673654701,-17.3922122084822,0.872277366064175,0.686770351345268,-21.2669756130367,4.45431318800229,6.26340278128785,40.6143330504545
