name,type,method,sigma,filter_size,jpg_PSNR,PSNR,delta_PSNR,jpg_SSIM,SSIM,delta_SSIM,jpg_NIQE,NIQE,delta_NIQE
kodim01,gauss,method_3,3.2,3,26.1589663960723,24.3589481331626,-6.88107563447131,0.814127189487225,0.714445683079992,-12.2439721574729,5.26153663626786,4.98562480163457,-5.24394019669895
kodim02,gauss,method_3,3.2,3,30.1968195832686,29.8321582031146,-1.20761518989905,0.983046643443474,0.981423049528655,-0.165159397638756,5.84949480761276,4.89239068849126,-16.3621671716998
kodim03,gauss,method_3,3.2,3,31.2347025857045,30.9176245619923,-1.01514660766233,0.959660928342066,0.958400175107843,-0.131374863453135,7.78056467874901,6.24441935479328,-19.7433655188471
kodim04,gauss,method_3,3.2,3,31.1946114909302,31.3114142314464,0.374432425773915,0.95997698115759,0.962410864326851,0.253535576064167,4.89240041702865,5.06631206324881,3.55473042670083
kodim05,gauss,method_3,3.2,3,25.809512559855,24.3918631957219,-5.49273978284328,0.872277366064175,0.835744855951567,-4.18817586399691,4.45431318800229,5.22756567266994,17.3596344044782
