name,type,method,sigma,filter_size,jpg_PSNR,PSNR,delta_PSNR,jpg_SSIM,SSIM,delta_SSIM,jpg_NIQE,NIQE,delta_NIQE
kodim01,gauss,method_3,1.7,5,26.1589663960723,22.6264705776639,-13.5039579351988,0.814127189487225,0.589480621302433,-27.5935469402864,5.26153663626786,5.67141632447946,7.79011373571539
kodim02,gauss,method_3,1.7,5,30.1968195832686,28.919165875917,-4.23108699851127,0.983046643443474,0.976802150929784,-0.635218334281254,5.84949480761276,5.18222536237332,-11.4073004111573
kodim03,gauss,method_3,1.7,5,31.2347025857045,29.8980927599414,-4.27924620730951,0.959660928342066,0.951322764722385,-0.868865593401386,7.78056467874901,5.98413643919856,-23.0886614753941
kodim04,gauss,method_3,1.7,5,31.1946114909302,30.4472953646345,-2.39565774529026,0.95997698115759,0.956885347020021,-0.322052944836266,4.89240041702865,5.07593947101314,3.75151333373385
kodim05,gauss,method_3,1.7,5,25.809512559855,22.3951403625228,-13.2291231359518,0.872277366064175,0.750624987161502,-13.9465247678711,4.45431318800229,5.90563615660326,32.5824185984523
