name,type,method,sigma,filter_size,jpg_PSNR,PSNR,delta_PSNR,jpg_SSIM,SSIM,delta_SSIM,jpg_NIQE,NIQE,delta_NIQE
kodim01,gauss,method_3,3.8,3,26.1589663960723,24.3401607682071,-6.95289561646557,0.814127189487225,0.713347023299944,-12.3789215602487,5.26153663626786,4.9599589050711,-5.73174249358983
kodim02,gauss,method_3,3.8,3,30.1968195832686,29.822779205248,-1.23867474516377,0.983046643443474,0.981381710212695,-0.169364621901026,5.84949480761276,4.87982138387804,-16.5770456360222
kodim03,gauss,method_3,3.8,3,31.2347025857045,30.9093917039942,-1.04150465597592,0.959660928342066,0.958342119058048,-0.137424505371499,7.78056467874901,6.26075607962535,-19.5333971488561
kodim04,gauss,method_3,3.8,3,31.1946114909302,31.305891786845,0.356729225325285,0.95997698115759,0.962373811747847,0.249675839869303,4.89240041702865,5.06760613670535,3.58118111238138
kodim05,gauss,method_3,3.8,3,25.809512559855,24.3748094555729,-5.55881518860495,0.872277366064175,0.835187159045666,-4.25211159448802,4.45431318800229,5.22653092457744,17.3364041544076
