name,type,method,sigma,filter_size,jpg_PSNR,PSNR,delta_PSNR,jpg_SSIM,SSIM,delta_SSIM,jpg_NIQE,NIQE,delta_NIQE
kodim01,gauss,method_3,3.2,7,26.1589663960723,21.1633980982721,-19.0969636267825,0.814127189487225,0.456063464330568,-43.9813004381026,5.26153663626786,5.75956809179193,9.46551340327328
kodim02,gauss,method_3,3.2,7,30.1968195832686,27.8338864365289,-7.82510601894302,0.983046643443474,0.970257926417485,-1.30092677812233,5.84949480761276,5.73997183889211,-1.87234919121744
kodim03,gauss,method_3,3.2,7,31.2347025857045,28.6939926043254,-8.13425379802386,0.959660928342066,0.94165816046015,-1.87595090622449,7.78056467874901,5.95134821699435,-23.5100733337618
kodim04,gauss,method_3,3.2,7,31.1946114909302,29.0861353616219,-6.75910366737945,0.95997698115759,0.94523202022861,-1.53597025953683,4.89240041702865,5.70764852180646,16.6635605282884
kodim05,gauss,method_3,3.2,7,25.809512559855,20.6388921929509,-20.0337776814376,0.872277366064175,0.638973184174857,-26.746559175554,4.45431318800229,6.48955379018665,45.6914571626057
