name,type,method,sigma,filter_size,jpg_PSNR,PSNR,delta_PSNR,jpg_SSIM,SSIM,delta_SSIM,jpg_NIQE,NIQE,delta_NIQE
kodim01,gauss,method_3,2.3,7,26.1589663960723,21.555834365762,-17.5967657154887,0.814127189487225,0.493278945748468,-39.4100882370532,5.26153663626786,6.19765299687187,17.791691388241
kodim02,gauss,method_3,2.3,7,30.1968195832686,28.1254663992814,-6.85950776463523,0.983046643443474,0.972161329203933,-1.10730394250785,5.84949480761276,6.05744970802184,3.5550916318183
kodim03,gauss,method_3,2.3,7,31.2347025857045,29.0039414264678,-7.14193180842922,0.959660928342066,0.944470427839729,-1.58290288306096,7.78056467874901,6.32522630073985,-18.7047912085881
kodim04,gauss,method_3,2.3,7,31.1946114909302,29.4277420430796,-5.66402132741505,0.95997698115759,0.948564914132595,-1.18878548642212,4.89240041702865,5.89765747345804,20.5473176915456
kodim05,gauss,method_3,2.3,7,25.809512559855,21.0474662300467,-18.4507410543482,0.872277366064175,0.668242643966073,-23.3910370755959,4.45431318800229,6.4110497212961,43.9290290266139
