name,type,method,sigma,filter_size,jpg_PSNR,PSNR,delta_PSNR,jpg_SSIM,SSIM,delta_SSIM,jpg_NIQE,NIQE,delta_NIQE
kodim01,gauss,method_3,0.7,7,26.1589663960723,25.4917409607691,-2.55065672397252,0.814127189487225,0.772828994939285,-5.0726956526229,5.26153663626786,4.85331017735143,-7.75869270019931
kodim02,gauss,method_3,0.7,7,30.1968195832686,30.2674144939881,0.233782602584626,0.983046643443474,0.983227526588458,0.0184002606784132,5.84949480761276,4.77195767809823,-18.4210289085508
kodim03,gauss,method_3,0.7,7,31.2347025857045,31.3098262306573,0.240513399308321,0.959660928342066,0.960976148437173,0.13705049942791,7.78056467874901,5.96491597432637,-23.3356932226488
kodim04,gauss,method_3,0.7,7,31.1946114909302,31.5182880426301,1.03760404835965,0.95997698115759,0.963377668785013,0.354246788638887,4.89240041702865,4.48233684307522,-8.38164375356831
kodim05,gauss,method_3,0.7,7,25.809512559855,25.3964632255004,-1.60037634727368,0.872277366064175,0.863940292269546,-0.955782428729845,4.45431318800229,4.4584668424963,0.0932501671682542
