name,type,method,sigma,filter_size,jpg_PSNR,PSNR,delta_PSNR,jpg_SSIM,SSIM,delta_SSIM,jpg_NIQE,NIQE,delta_NIQE
kodim01,gauss,method_3,3.2,5,26.1589663960723,21.9268835657492,-16.1783258797203,0.814127189487225,0.528757290567,-35.0522501404189,5.26153663626786,5.53661364591473,5.2280736344353
kodim02,gauss,method_3,3.2,5,30.1968195832686,28.4921100710658,-5.64532800383826,0.983046643443474,0.974332189871195,-0.886474068183876,5.84949480761276,5.2683521608702,-9.93492029407793
kodim03,gauss,method_3,3.2,5,31.2347025857045,29.4650770625176,-5.66557507096875,0.959660928342066,0.947577598640102,-1.25912489975379,7.78056467874901,5.95056516347855,-23.520137558508
kodim04,gauss,method_3,3.2,5,31.1946114909302,30.0497667575916,-3.67000798734576,0.95997698115759,0.953670900868308,-0.656899114568057,4.89240041702865,5.1791681580911,5.8614936762803
kodim05,gauss,method_3,3.2,5,25.809512559855,21.7358718989067,-15.7834854552216,0.872277366064175,0.712119563969108,-18.3608801885711,4.45431318800229,5.85636346805231,31.4762393409258
