name,type,method,sigma,filter_size,jpg_PSNR,PSNR,delta_PSNR,jpg_SSIM,SSIM,delta_SSIM,jpg_NIQE,NIQE,delta_NIQE
kodim01,gauss,method_3,2.9,5,26.1589663960723,21.9874667920361,-15.9467294727002,0.814127189487225,0.53424756993866,-34.3778740180446,5.26153663626786,5.55710452089191,5.61752022378219
kodim02,gauss,method_3,2.9,5,30.1968195832686,28.5303782895741,-5.51859870242018,0.983046643443474,0.974563187704489,-0.862975912238372,5.84949480761276,5.27645162629814,-9.79645593614053
kodim03,gauss,method_3,2.9,5,31.2347025857045,29.5031720081468,-5.54361154170294,0.959660928342066,0.94791602609886,-1.22385958376952,7.78056467874901,5.99790127093131,-22.9117484581379
kodim04,gauss,method_3,2.9,5,31.1946114909302,30.0854542118159,-3.55560536292242,0.95997698115759,0.953976629897395,-0.625051577065856,4.89240041702865,5.17066064069377,5.68760117623647
kodim05,gauss,method_3,2.9,5,25.809512559855,21.7911930429088,-15.5691414459197,0.872277366064175,0.71555775084081,-17.9667180785056,4.45431318800229,5.85709881081461,31.49274789637
