name,type,method,sigma,filter_size,jpg_PSNR,PSNR,delta_PSNR,jpg_SSIM,SSIM,delta_SSIM,jpg_NIQE,NIQE,delta_NIQE
kodim01,gauss,method_3,1.1,3,26.1589663960723,24.8569792412203,-4.9772117718209,0.814127189487225,0.741553837324589,-8.91425235513211,5.26153663626786,5.44729697039908,3.5305338910076
kodim02,gauss,method_3,1.1,3,30.1968195832686,30.034999801425,-0.535883527062806,0.983046643443474,0.982303085279854,-0.0756381366620853,5.84949480761276,5.08062785697409,-13.1441598963047
kodim03,gauss,method_3,1.1,3,31.2347025857045,31.1046686184312,-0.416312487421643,0.959660928342066,0.959684075613973,0.0024120260838017,7.78056467874901,6.10809717097077,-21.4954515106884
kodim04,gauss,method_3,1.1,3,31.1946114909302,31.4231026835702,0.732470070051847,0.95997698115759,0.963010951005714,0.316046103987355,4.89240041702865,4.99169179684747,2.02950231696521
kodim05,gauss,method_3,1.1,3,25.809512559855,24.8412260780591,-3.75166512560173,0.872277366064175,0.849433318229231,-2.61889723655444,4.45431318800229,5.21170166246305,17.0034849929455
