name,type,method,sigma,filter_size,jpg_PSNR,PSNR,delta_PSNR,jpg_SSIM,SSIM,delta_SSIM,jpg_NIQE,NIQE,delta_NIQE
kodim01,gauss,method_3,2,3,26.1589663960723,24.4615172235941,-6.48897646327886,0.814127189487225,0.720217598795092,-11.5350023810507,5.26153663626786,5.13785609396891,-2.35065439716634
kodim02,gauss,method_3,2,3,30.1968195832686,29.8768179473307,-1.05971966701818,0.983046643443474,0.981619653820572,-0.145159910002203,5.84949480761276,4.97235320548205,-14.9951684885532
kodim03,gauss,method_3,2,3,31.2347025857045,30.958425485556,-0.884519708136987,0.959660928342066,0.958694106753046,-0.100746165699359,7.78056467874901,6.26945662427932,-19.421573071643
kodim04,gauss,method_3,2,3,31.1946114909302,31.3365349396499,0.454961424222159,0.95997698115759,0.962556404127091,0.268696335446632,4.89240041702865,5.08130167051907,3.86111596329921
kodim05,gauss,method_3,2,3,25.809512559855,24.4829391354774,-5.13986237167857,0.872277366064175,0.838654241211889,-3.85463685753969,4.45431318800229,5.23885633078431,17.6131113747275
