name,type,method,sigma,filter_size,jpg_PSNR,PSNR,delta_PSNR,jpg_SSIM,SSIM,delta_SSIM,jpg_NIQE,NIQE,delta_NIQE
kodim01,gauss,method_3,1.1,5,26.1589663960723,23.8260762294003,-8.91812822934104,0.814127189487225,0.678615460475383,-16.6450317298939,5.26153663626786,5.60555964103272,6.53845118921165
kodim02,gauss,method_3,1.1,5,30.1968195832686,29.5745663176534,-2.06065828853036,0.983046643443474,0.980167018192911,-0.292928648886512,5.84949480761276,5.01399494707801,-14.2832823690585
kodim03,gauss,method_3,1.1,5,31.2347025857045,30.5731288825667,-2.11807268317209,0.959660928342066,0.956397857272842,-0.340023332497378,7.78056467874901,6.21643682113162,-20.1030120845788
kodim04,gauss,method_3,1.1,5,31.1946114909302,31.0252281777132,-0.542989013555361,0.95997698115759,0.960846808141335,0.0906091500961534,4.89240041702865,4.91725965767449,0.508119502224602
kodim05,gauss,method_3,1.1,5,25.809512559855,23.6103663733095,-8.52068082047423,0.872277366064175,0.807580972408315,-7.41695201238321,4.45431318800229,5.51917236392807,23.9062484154456
