name,type,method,sigma,filter_size,jpg_PSNR,PSNR,delta_PSNR,jpg_SSIM,SSIM,delta_SSIM,jpg_NIQE,NIQE,delta_NIQE
kodim01,gauss,method_3,0.4,7,26.1589663960723,26.2630026385947,0.397707772345564,0.814127189487225,0.814684570743488,0.068463658192577,5.26153663626786,4.92527726650987,-6.39089667151894
kodim02,gauss,method_3,0.4,7,30.1968195832686,30.2934559876171,0.320021795944705,0.983046643443474,0.98343886927317,0.0398990050281034,5.84949480761276,5.4706765930327,-6.47608429512659
kodim03,gauss,method_3,0.4,7,31.2347025857045,31.3661449706841,0.420821631385571,0.959660928342066,0.96052546360422,0.0900875753739687,7.78056467874901,7.27902679639762,-6.44603448540477
kodim04,gauss,method_3,0.4,7,31.1946114909302,31.3172376124824,0.393100332689972,0.95997698115759,0.960987680306744,0.105283685858325,4.89240041702865,4.40607745901247,-9.94037520566538
kodim05,gauss,method_3,0.4,7,25.809512559855,26.0732988028177,1.02205046434329,0.872277366064175,0.8770229002987,0.544039593270386,4.45431318800229,3.94796759344168,-11.367534638661
