name,type,method,sigma,filter_size,jpg_PSNR,PSNR,delta_PSNR,jpg_SSIM,SSIM,delta_SSIM,jpg_NIQE,NIQE,delta_NIQE
kodim01,gauss,method_3,5,5,26.1589663960723,21.7638022628623,-16.8017499876063,0.814127189487225,0.513806707563882,-36.8886441579845,5.26153663626786,5.4659231165969,3.88453971640541
kodim02,gauss,method_3,5,5,30.1968195832686,28.389073379913,-5.98654503455463,0.983046643443474,0.973703206402712,-0.950457142911624,5.84949480761276,5.28987097516534,-9.56704554586663
kodim03,gauss,method_3,5,5,31.2347025857045,29.3611250873986,-5.99838430721414,0.959660928342066,0.946627010884457,-1.35817944366311,7.78056467874901,5.98405865750439,-23.0896611675422
kodim04,gauss,method_3,5,5,31.1946114909302,29.9510429142298,-3.98648522057081,0.95997698115759,0.952807768576731,-0.746810884174917,4.89240041702865,5.1743813160703,5.76365127556141
kodim05,gauss,method_3,5,5,25.809512559855,21.5877096381865,-16.3575461252035,0.872277366064175,0.702707638108041,-19.4398862739331,4.45431318800229,5.84779883962609,31.2839621465585
