name,type,method,sigma,filter_size,jpg_PSNR,PSNR,delta_PSNR,jpg_SSIM,SSIM,delta_SSIM,jpg_NIQE,NIQE,delta_NIQE
kodim01,gauss,method_3,2.6,3,26.1589663960723,24.3926957516413,-6.75206587939279,0.814127189487225,0.716346589438158,-12.0104820612433,5.26153663626786,5.02732768007674,-4.45134135485657
kodim02,gauss,method_3,2.6,3,30.1968195832686,29.846009294863,-1.16174581709905,0.983046643443474,0.981485031210357,-0.158854337536452,5.84949480761276,4.91129789599263,-16.0389391302496
kodim03,gauss,method_3,2.6,3,31.2347025857045,30.9312832190703,-0.9714174988594,0.959660928342066,0.958496780123403,-0.121308285487221,7.78056467874901,6.2752062216792,-19.3476761549375
kodim04,gauss,method_3,2.6,3,31.1946114909302,31.3199123764346,0.4016747749554,0.95997698115759,0.962461767648699,0.258838132567801,4.89240041702865,5.08211527616566,3.8777459522053
kodim05,gauss,method_3,2.6,3,25.809512559855,24.421663215227,-5.37727840233099,0.872277366064175,0.836702081254585,-4.0784372257772,4.45431318800229,5.23329659807942,17.4882945405664
