name,type,method,sigma,filter_size,jpg_PSNR,PSNR,delta_PSNR,jpg_SSIM,SSIM,delta_SSIM,jpg_NIQE,NIQE,delta_NIQE
kodim01,gauss,method_3,1.4,3,26.1589663960723,24.6390667231283,-5.81024360798965,0.814127189487225,0.729963815551943,-10.3378655107062,5.26153663626786,5.34020291861102,1.49511991992824
kodim02,gauss,method_3,1.4,3,30.1968195832686,29.9505139205875,-0.815667563936365,0.983046643443474,0.981942563333386,-0.112312077707807,5.84949480761276,5.05389204644091,-13.6012217693812
kodim03,gauss,method_3,1.4,3,31.2347025857045,31.0277331342529,-0.662626611806856,0.959660928342066,0.959187218077881,-0.0493622539164056,7.78056467874901,6.34180122102193,-18.4917614226222
kodim04,gauss,method_3,1.4,3,31.1946114909302,31.379060411791,0.591284558598945,0.95997698115759,0.962800823306022,0.294157277086696,4.89240041702865,5.14236811390534,5.10930577159311
kodim05,gauss,method_3,1.4,3,25.809512559855,24.6431583045144,-4.51908672291165,0.872277366064175,0.843623832197598,-3.28491085305423,4.45431318800229,5.25831044516329,18.0498591640698
