name,type,method,sigma,filter_size,jpg_PSNR,PSNR,delta_PSNR,jpg_SSIM,SSIM,delta_SSIM,jpg_NIQE,NIQE,delta_NIQE
kodim01,gauss,method_3,1.7,3,26.1589663960723,24.526399049599,-6.24094745088398,0.814127189487225,0.723827125477292,-11.0916408610316,5.26153663626786,5.22366438087441,-0.719794577355942
kodim02,gauss,method_3,1.7,3,30.1968195832686,29.9035741067539,-0.971113781390224,0.983046643443474,0.981739155176943,-0.133003685557673,5.84949480761276,5.00579915731371,-14.4233934390545
kodim03,gauss,method_3,1.7,3,31.2347025857045,30.9834251138783,-0.804481717528114,0.959660928342066,0.95886995730147,-0.0824219281243488,7.78056467874901,6.30183840342136,-19.00538503801
kodim04,gauss,method_3,1.7,3,31.1946114909302,31.3525962244449,0.506448793441939,0.95997698115759,0.962649083250487,0.278350642290979,4.89240041702865,5.09925594812484,4.22809895887088
kodim05,gauss,method_3,1.7,3,25.809512559855,24.5415946243866,-4.91259930821226,0.872277366064175,0.840504785189519,-3.64248599250242,4.45431318800229,5.24736337296513,17.8040957492374
