name,type,method,sigma,filter_size,jpg_PSNR,PSNR,delta_PSNR,jpg_SSIM,SSIM,delta_SSIM,jpg_NIQE,NIQE,delta_NIQE
kodim01,gauss,method_3,2.3,5,26.1589663960723,22.1861122375963,-15.1873514355385,0.814127189487225,0.551958659916676,-32.2024043608807,5.26153663626786,5.67161595315869,7.79390784935617
kodim02,gauss,method_3,2.3,5,30.1968195832686,28.6543618950203,-5.10801372308409,0.983046643443474,0.975297246576557,-0.788304086952744,5.84949480761276,5.23074977539708,-10.5777516275494
kodim03,gauss,method_3,2.3,5,31.2347025857045,29.6279397755065,-5.14415914731141,0.959660928342066,0.949042515453172,-1.10647548267259,7.78056467874901,5.99717698071795,-22.9210574253307
kodim04,gauss,method_3,2.3,5,31.1946114909302,30.2002566913153,-3.18758513759343,0.95997698115759,0.954932305942709,-0.525499601959001,4.89240041702865,5.1358667898044,4.97641959003043
kodim05,gauss,method_3,2.3,5,25.809512559855,21.9757332056863,-14.8541331235055,0.872277366064175,0.726796881070544,-16.6782368376767,4.45431318800229,5.87945024198163,31.9945408827102
