name,type,method,sigma,filter_size,jpg_PSNR,PSNR,delta_PSNR,jpg_SSIM,SSIM,delta_SSIM,jpg_NIQE,NIQE,delta_NIQE
kodim01,gauss,method_3,0.4,3,26.1589663960723,26.2837857901543,0.477157209471156,0.814127189487225,0.814840833469633,0.0876575542032204,5.26153663626786,4.93454890233626,-6.21468130959429
kodim02,gauss,method_3,0.4,3,30.1968195832686,30.2972083797099,0.332448243976434,0.983046643443474,0.98345182436311,0.04121685601987,5.84949480761276,5.46238454243312,-6.61784099159878
kodim03,gauss,method_3,0.4,3,31.2347025857045,31.3661221621355,0.420748608283994,0.959660928342066,0.960525366723356,0.0900774800516612,7.78056467874901,7.27903708914275,-6.44590219751118
kodim04,gauss,method_3,0.4,3,31.1946114909302,31.3209198060385,0.404904273755751,0.95997698115759,0.960996421284305,0.106194226187138,4.89240041702865,4.40470045526716,-9.96852097518413
kodim05,gauss,method_3,0.4,3,25.809512559855,26.0742432373729,1.02570971421477,0.872277366064175,0.877029245786063,0.544767055383889,4.45431318800229,3.94875126252093,-11.3499411501439
